,Chemin,Point d'entrée du programme,.text,.rdata,.data,.rsrc,.reloc,b'VERSION.dll',b'KERNEL32.dll',b'USER32.dll',b'GDI32.dll',b'COMDLG32.dll',b'ADVAPI32.dll',Symboles exportés,.pdata,.bss,.idata,.ndata,b'COMCTL32.DLL',b'ole32.dll',b'SHELL32.DLL',b'NETAPI32.dll',b'OLEAUT32.dll',b'WS2_32.dll',b'SHLWAPI.dll',b'WINHTTP.dll',_RDATA,b'dbgeng.dll',.tls,b'zlib2.dll',.didata,.edata,b'oleaut32.dll',b'advapi32.dll',b'user32.dll',b'kernel32.dll',b'gdi32.dll',b'version.dll',b'shell32.dll',b'winspool.drv',b'powrprof.dll',b'comctl32.dll',b'SetupApi.dll',b'Setupapi.DLL',b'WINHTTP.DLL',b'comdlg32.dll',b'winmm.dll',.rotext,.rodata,.xdata,.CRT,b'msvcrt.dll',b'SHELL32.dll',b'WINMM.dll',b'OPENGL32.dll'
0,C:/Users/hp/Documents/MSEFC/ue7_Forensic1\RAM\strings.exe,0x400b,0x10000x3f010,0x410000xf9f2,0x510000x1d3c,0x530000x588,0x540000x2524,	0x441204VerQueryValueW	0x441208VerQueryValueA	0x44120cGetFileVersionInfoW	0x441210GetFileVersionInfoA	0x441214GetFileVersionInfoSizeW	0x441218GetFileVersionInfoSizeA,	0x441044LoadLibraryExA	0x441048GetVersionExA	0x44104cGetCurrentProcess	0x441050GetLastError	0x441054ReadFile	0x441058SetFilePointer	0x44105cFindClose	0x441060CloseHandle	0x441064FormatMessageA	0x441068GetCurrentDirectoryA	0x44106cGetFullPathNameA	0x441070CreateFileA	0x441074SetLastError	0x441078FindNextFileA	0x44107cGetProcessHeap	0x441080SetEnvironmentVariableW	0x441084SetEnvironmentVariableA	0x441088FreeEnvironmentStringsW	0x44108cGetEnvironmentStringsW	0x441090GetCPInfo	0x441094GetOEMCP	0x441098IsValidCodePage	0x44109cFindNextFileW	0x4410a0FindFirstFileExW	0x4410a4FindFirstFileExA	0x4410a8GetCommandLineW	0x4410acGetModuleHandleA	0x4410b0GetStdHandle	0x4410b4LocalFree	0x4410b8LocalAlloc	0x4410bcGetModuleFileNameW	0x4410c0GetProcAddress	0x4410c4GetFileType	0x4410c8GetModuleFileNameA	0x4410ccSetConsoleCtrlHandler	0x4410d0SetFilePointerEx	0x4410d4WriteConsoleW	0x4410d8ReadConsoleW	0x4410dcHeapSize	0x4410e0HeapReAlloc	0x4410e4FindFirstFileA	0x4410e8IsDebuggerPresent	0x4410ecUnhandledExceptionFilter	0x4410f0SetUnhandledExceptionFilter	0x4410f4TerminateProcess	0x4410f8IsProcessorFeaturePresent	0x4410fcQueryPerformanceCounter	0x441100GetCurrentProcessId	0x441104GetCurrentThreadId	0x441108GetSystemTimeAsFileTime	0x44110cInitializeSListHead	0x441110DecodePointer	0x441114GetStartupInfoW	0x441118GetModuleHandleW	0x44111cInterlockedPushEntrySList	0x441120InterlockedFlushSList	0x441124RtlUnwind	0x441128EnterCriticalSection	0x44112cLeaveCriticalSection	0x441130DeleteCriticalSection	0x441134InitializeCriticalSectionAndSpinCount	0x441138TlsAlloc	0x44113cTlsGetValue	0x441140TlsSetValue	0x441144TlsFree	0x441148FreeLibrary	0x44114cLoadLibraryExW	0x441150EncodePointer	0x441154RaiseException	0x441158SetStdHandle	0x44115cExitProcess	0x441160GetModuleHandleExW	0x441164GetConsoleMode	0x441168GetNumberOfConsoleInputEvents	0x44116cPeekConsoleInputA	0x441170ReadConsoleInputA	0x441174SetConsoleMode	0x441178WriteFile	0x44117cMultiByteToWideChar	0x441180WideCharToMultiByte	0x441184GetCommandLineA	0x441188GetACP	0x44118cHeapAlloc	0x441190HeapFree	0x441194GetDateFormatW	0x441198GetTimeFormatW	0x44119cCompareStringW	0x4411a0LCMapStringW	0x4411a4GetLocaleInfoW	0x4411a8IsValidLocale	0x4411acGetUserDefaultLCID	0x4411b0EnumSystemLocalesW	0x4411b4GetCurrentThread	0x4411b8FlushFileBuffers	0x4411bcGetConsoleCP	0x4411c0CreateFileW	0x4411c4GetStringTypeW	0x4411c8OutputDebugStringA	0x4411ccOutputDebugStringW	0x4411d0WaitForSingleObjectEx	0x4411d4CreateThread,	0x4411dcLoadCursorA	0x4411e0InflateRect	0x4411e4GetSysColorBrush	0x4411e8SetCursor	0x4411ecSetWindowTextA	0x4411f0GetDlgItem	0x4411f4EndDialog	0x4411f8DialogBoxIndirectParamA	0x4411fcSendMessageA,	0x441028StartPage	0x44102cEndDoc	0x441030StartDocA	0x441034SetMapMode	0x441038GetDeviceCaps	0x44103cEndPage,	0x441020PrintDlgA,	0x441000RegQueryValueExW	0x441004RegQueryValueExA	0x441008RegOpenKeyExA	0x44100cRegOpenKeyA	0x441010RegCreateKeyA	0x441014RegCloseKey	0x441018RegSetValueExA,Aucun symbole exporté trouvé.,,,,,,,,,,,,,,,,,,,,,,,,,,,,,,,,,,,,,,,,,
1,C:/Users/hp/Documents/MSEFC/ue7_Forensic1\RAM\strings64.exe,0x4898,0x10000x4c910,0x4e0000x17fce,0x660000x27a8,0x6e0000x588,0x6f0000x80c,	0x14004e428VerQueryValueW	0x14004e430VerQueryValueA	0x14004e438GetFileVersionInfoW	0x14004e440GetFileVersionInfoA	0x14004e448GetFileVersionInfoSizeW	0x14004e450GetFileVersionInfoSizeA,	0x14004e088LoadLibraryExA	0x14004e090GetVersionExA	0x14004e098GetCurrentProcess	0x14004e0a0GetLastError	0x14004e0a8ReadFile	0x14004e0b0SetFilePointer	0x14004e0b8FindClose	0x14004e0c0CloseHandle	0x14004e0c8FormatMessageA	0x14004e0d0GetCurrentDirectoryA	0x14004e0d8GetFullPathNameA	0x14004e0e0CreateFileA	0x14004e0e8SetLastError	0x14004e0f0FindNextFileA	0x14004e0f8GetProcessHeap	0x14004e100SetEnvironmentVariableW	0x14004e108SetEnvironmentVariableA	0x14004e110FreeEnvironmentStringsW	0x14004e118GetEnvironmentStringsW	0x14004e120GetCPInfo	0x14004e128GetOEMCP	0x14004e130IsValidCodePage	0x14004e138FindNextFileW	0x14004e140FindFirstFileExW	0x14004e148FindFirstFileExA	0x14004e150GetCommandLineW	0x14004e158GetModuleHandleA	0x14004e160GetStdHandle	0x14004e168LocalFree	0x14004e170LocalAlloc	0x14004e178GetModuleFileNameW	0x14004e180GetProcAddress	0x14004e188GetFileType	0x14004e190GetModuleFileNameA	0x14004e198SetConsoleCtrlHandler	0x14004e1a0SetFilePointerEx	0x14004e1a8WriteConsoleW	0x14004e1b0ReadConsoleW	0x14004e1b8HeapSize	0x14004e1c0HeapReAlloc	0x14004e1c8FindFirstFileA	0x14004e1d0InitializeSListHead	0x14004e1d8RtlCaptureContext	0x14004e1e0RtlLookupFunctionEntry	0x14004e1e8RtlVirtualUnwind	0x14004e1f0UnhandledExceptionFilter	0x14004e1f8SetUnhandledExceptionFilter	0x14004e200TerminateProcess	0x14004e208IsProcessorFeaturePresent	0x14004e210QueryPerformanceCounter	0x14004e218GetCurrentProcessId	0x14004e220GetCurrentThreadId	0x14004e228GetSystemTimeAsFileTime	0x14004e230RtlUnwind	0x14004e238IsDebuggerPresent	0x14004e240GetStartupInfoW	0x14004e248GetModuleHandleW	0x14004e250RtlUnwindEx	0x14004e258InterlockedPushEntrySList	0x14004e260InterlockedFlushSList	0x14004e268EnterCriticalSection	0x14004e270LeaveCriticalSection	0x14004e278DeleteCriticalSection	0x14004e280InitializeCriticalSectionAndSpinCount	0x14004e288TlsAlloc	0x14004e290TlsGetValue	0x14004e298TlsSetValue	0x14004e2a0TlsFree	0x14004e2a8FreeLibrary	0x14004e2b0LoadLibraryExW	0x14004e2b8EncodePointer	0x14004e2c0RaiseException	0x14004e2c8RtlPcToFileHeader	0x14004e2d0SetStdHandle	0x14004e2d8ExitProcess	0x14004e2e0GetModuleHandleExW	0x14004e2e8GetConsoleMode	0x14004e2f0GetNumberOfConsoleInputEvents	0x14004e2f8PeekConsoleInputA	0x14004e300ReadConsoleInputA	0x14004e308SetConsoleMode	0x14004e310WriteFile	0x14004e318MultiByteToWideChar	0x14004e320WideCharToMultiByte	0x14004e328GetCommandLineA	0x14004e330GetACP	0x14004e338HeapAlloc	0x14004e340HeapFree	0x14004e348GetDateFormatW	0x14004e350GetTimeFormatW	0x14004e358CompareStringW	0x14004e360LCMapStringW	0x14004e368GetLocaleInfoW	0x14004e370IsValidLocale	0x14004e378GetUserDefaultLCID	0x14004e380EnumSystemLocalesW	0x14004e388GetCurrentThread	0x14004e390FlushFileBuffers	0x14004e398GetConsoleCP	0x14004e3a0CreateFileW	0x14004e3a8GetStringTypeW	0x14004e3b0OutputDebugStringA	0x14004e3b8OutputDebugStringW	0x14004e3c0WaitForSingleObjectEx	0x14004e3c8CreateThread,	0x14004e3d8LoadCursorA	0x14004e3e0InflateRect	0x14004e3e8GetSysColorBrush	0x14004e3f0SetCursor	0x14004e3f8SetWindowTextA	0x14004e400GetDlgItem	0x14004e408EndDialog	0x14004e410DialogBoxIndirectParamA	0x14004e418SendMessageA,	0x14004e050StartPage	0x14004e058EndDoc	0x14004e060StartDocA	0x14004e068SetMapMode	0x14004e070GetDeviceCaps	0x14004e078EndPage,	0x14004e040PrintDlgA,	0x14004e000RegQueryValueExW	0x14004e008RegQueryValueExA	0x14004e010RegOpenKeyExA	0x14004e018RegOpenKeyA	0x14004e020RegCreateKeyA	0x14004e028RegCloseKey	0x14004e030RegSetValueExA,Aucun symbole exporté trouvé.,0x690000x4878,,,,,,,,,,,,,,,,,,,,,,,,,,,,,,,,,,,,,,,,
2,C:/Users/hp/Documents/MSEFC/ue7_Forensic1\RAM\BulkExtractor\bulk_extractor-1.6.0-dev-windowsinstaller.exe,0x4105,0x10000x8640,0xb0000x37ac,0xa0000x88,0x350000xf30,,	0x42a5bcGetFileVersionInfoA	0x42a5c0GetFileVersionInfoSizeA	0x42a5c4VerQueryValueA,	0x42a3a0CloseHandle	0x42a3a4CompareFileTime	0x42a3a8CopyFileA	0x42a3acCreateDirectoryA	0x42a3b0CreateFileA	0x42a3b4CreateProcessA	0x42a3b8CreateThread	0x42a3bcDeleteFileA	0x42a3c0ExitProcess	0x42a3c4ExpandEnvironmentStringsA	0x42a3c8FindClose	0x42a3ccFindFirstFileA	0x42a3d0FindNextFileA	0x42a3d4FreeLibrary	0x42a3d8GetCommandLineA	0x42a3dcGetCurrentProcess	0x42a3e0GetDiskFreeSpaceA	0x42a3e4GetExitCodeProcess	0x42a3e8GetFileAttributesA	0x42a3ecGetFileSize	0x42a3f0GetFullPathNameA	0x42a3f4GetLastError	0x42a3f8GetModuleFileNameA	0x42a3fcGetModuleHandleA	0x42a400GetPrivateProfileStringA	0x42a404GetProcAddress	0x42a408GetShortPathNameA	0x42a40cGetSystemDirectoryA	0x42a410GetTempFileNameA	0x42a414GetTempPathA	0x42a418GetTickCount	0x42a41cGetVersion	0x42a420GetWindowsDirectoryA	0x42a424GlobalAlloc	0x42a428GlobalFree	0x42a42cGlobalLock	0x42a430GlobalUnlock	0x42a434LoadLibraryA	0x42a438LoadLibraryExA	0x42a43cMoveFileA	0x42a440MulDiv	0x42a444MultiByteToWideChar	0x42a448ReadFile	0x42a44cRemoveDirectoryA	0x42a450SearchPathA	0x42a454SetCurrentDirectoryA	0x42a458SetErrorMode	0x42a45cSetFileAttributesA	0x42a460SetFilePointer	0x42a464SetFileTime	0x42a468Sleep	0x42a46cWaitForSingleObject	0x42a470WriteFile	0x42a474WritePrivateProfileStringA	0x42a478lstrcatA	0x42a47clstrcmpA	0x42a480lstrcmpiA	0x42a484lstrcpynA	0x42a488lstrlenA,	0x42a4c0AppendMenuA	0x42a4c4BeginPaint	0x42a4c8CallWindowProcA	0x42a4ccCharNextA	0x42a4d0CharPrevA	0x42a4d4CheckDlgButton	0x42a4d8CloseClipboard	0x42a4dcCreateDialogParamA	0x42a4e0CreatePopupMenu	0x42a4e4CreateWindowExA	0x42a4e8DefWindowProcA	0x42a4ecDestroyWindow	0x42a4f0DialogBoxParamA	0x42a4f4DispatchMessageA	0x42a4f8DrawTextA	0x42a4fcEmptyClipboard	0x42a500EnableMenuItem	0x42a504EnableWindow	0x42a508EndDialog	0x42a50cEndPaint	0x42a510ExitWindowsEx	0x42a514FillRect	0x42a518FindWindowExA	0x42a51cGetClassInfoA	0x42a520GetClientRect	0x42a524GetDC	0x42a528GetDlgItem	0x42a52cGetDlgItemTextA	0x42a530GetMessagePos	0x42a534GetSysColor	0x42a538GetSystemMenu	0x42a53cGetSystemMetrics	0x42a540GetWindowLongA	0x42a544GetWindowRect	0x42a548InvalidateRect	0x42a54cIsWindow	0x42a550IsWindowEnabled	0x42a554IsWindowVisible	0x42a558LoadBitmapA	0x42a55cLoadCursorA	0x42a560LoadImageA	0x42a564MessageBoxIndirectA	0x42a568OpenClipboard	0x42a56cPeekMessageA	0x42a570PostQuitMessage	0x42a574RegisterClassA	0x42a578ScreenToClient	0x42a57cSendMessageA	0x42a580SendMessageTimeoutA	0x42a584SetClassLongA	0x42a588SetClipboardData	0x42a58cSetCursor	0x42a590SetDlgItemTextA	0x42a594SetForegroundWindow	0x42a598SetTimer	0x42a59cSetWindowLongA	0x42a5a0SetWindowPos	0x42a5a4SetWindowTextA	0x42a5a8ShowWindow	0x42a5acSystemParametersInfoA	0x42a5b0TrackPopupMenu	0x42a5b4wsprintfA,	0x42a37cCreateBrushIndirect	0x42a380CreateFontIndirectA	0x42a384DeleteObject	0x42a388GetDeviceCaps	0x42a38cSelectObject	0x42a390SetBkColor	0x42a394SetBkMode	0x42a398SetTextColor,,	0x42a340RegCloseKey	0x42a344RegCreateKeyExA	0x42a348RegDeleteKeyA	0x42a34cRegDeleteValueA	0x42a350RegEnumKeyA	0x42a354RegEnumValueA	0x42a358RegOpenKeyExA	0x42a35cRegQueryValueExA	0x42a360RegSetValueExA,Aucun symbole exporté trouvé.,,0xf0000x1abc0,0x2a0000x1304,0x2c0000x9000,	0x42a368ImageList_AddMasked	0x42a36cImageList_Create	0x42a370ImageList_Destroy	0x42a374InitCommonControls,	0x42a490CoCreateInstance	0x42a494CoTaskMemFree	0x42a498OleInitialize	0x42a49cOleUninitialize,	0x42a4a4SHBrowseForFolderA	0x42a4a8SHFileOperationA	0x42a4acSHGetFileInfoA	0x42a4b0SHGetPathFromIDListA	0x42a4b4SHGetSpecialFolderLocation	0x42a4b8ShellExecuteA,,,,,,,,,,,,,,,,,,,,,,,,,,,,,,,,,,
3,C:/Users/hp/Documents/MSEFC/ue7_Forensic1\RAM\Dump-tools\Comae-Toolkit\ARM64\Bin2Dmp.exe,0x77e0,0x10000x16ee8,0x180000x9a84,0x220000x1cc0,0x250000x538,0x260000x640,,	0x140018000CreateFileW	0x140018008GetTickCount	0x140018010CloseHandle	0x140018018ReadFile	0x140018020GetLastError	0x140018028GetOverlappedResult	0x140018030WriteFile	0x140018038WaitForSingleObjectEx	0x140018040GetFileSize	0x140018048GetConsoleScreenBufferInfo	0x140018050GetStdHandle	0x140018058SetConsoleTextAttribute	0x140018060GetSystemTime	0x140018068SystemTimeToFileTime	0x140018070SetConsoleCursorPosition	0x140018078WriteConsoleW	0x140018080QueryPerformanceCounter	0x140018088GetCurrentProcessId	0x140018090GetCurrentThreadId	0x140018098GetSystemTimeAsFileTime	0x1400180a0InitializeSListHead	0x1400180a8SetUnhandledExceptionFilter	0x1400180b0GetStartupInfoW	0x1400180b8GetModuleHandleW	0x1400180c0RtlUnwindEx	0x1400180c8SetLastError	0x1400180d0FlsAlloc	0x1400180d8FlsGetValue	0x1400180e0FlsSetValue	0x1400180e8FlsFree	0x1400180f0EnterCriticalSection	0x1400180f8LeaveCriticalSection	0x140018100InitializeCriticalSectionEx	0x140018108DeleteCriticalSection	0x140018110RaiseException	0x140018118GetConsoleCP	0x140018120GetModuleFileNameW	0x140018128GetCurrentProcess	0x140018130ExitProcess	0x140018138TerminateProcess	0x140018140FreeLibrary	0x140018148GetModuleHandleExW	0x140018150GetProcAddress	0x140018158GetCommandLineA	0x140018160GetCommandLineW	0x140018168HeapAlloc	0x140018170HeapFree	0x140018178InitializeCriticalSectionAndSpinCount	0x140018180TlsAlloc	0x140018188TlsGetValue	0x140018190TlsSetValue	0x140018198TlsFree	0x1400181a0LoadLibraryExW	0x1400181a8CompareStringW	0x1400181b0LCMapStringW	0x1400181b8GetFileType	0x1400181c0WideCharToMultiByte	0x1400181c8GetConsoleMode	0x1400181d0FindClose	0x1400181d8FindFirstFileExW	0x1400181e0FindNextFileW	0x1400181e8IsValidCodePage	0x1400181f0GetACP	0x1400181f8GetOEMCP	0x140018200GetCPInfo	0x140018208MultiByteToWideChar	0x140018210GetEnvironmentStringsW	0x140018218FreeEnvironmentStringsW	0x140018220SetEnvironmentVariableW	0x140018228SetStdHandle	0x140018230GetStringTypeW	0x140018238GetProcessHeap	0x140018240FlushFileBuffers	0x140018248GetFileSizeEx	0x140018250SetFilePointerEx	0x140018258HeapSize	0x140018260HeapReAlloc,,,,,Aucun symbole exporté trouvé.,0x240000xa18,,,,,,,,,,,,,,,,,,,,,,,,,,,,,,,,,,,,,,,,
4,C:/Users/hp/Documents/MSEFC/ue7_Forensic1\RAM\Dump-tools\Comae-Toolkit\ARM64\Dmp2Bin.exe,0x4c70,0x10000x13ed8,0x150000x8c66,0x1e0000x1cc0,0x210000x540,0x220000x640,,	0x140015000CreateFileW	0x140015008GetTickCount	0x140015010CloseHandle	0x140015018ReadFile	0x140015020GetLastError	0x140015028GetOverlappedResult	0x140015030WriteFile	0x140015038WaitForSingleObjectEx	0x140015040GetConsoleScreenBufferInfo	0x140015048GetStdHandle	0x140015050SetConsoleTextAttribute	0x140015058SetConsoleCursorPosition	0x140015060WriteConsoleW	0x140015068QueryPerformanceCounter	0x140015070GetCurrentProcessId	0x140015078GetCurrentThreadId	0x140015080GetSystemTimeAsFileTime	0x140015088InitializeSListHead	0x140015090SetUnhandledExceptionFilter	0x140015098GetStartupInfoW	0x1400150a0GetModuleHandleW	0x1400150a8RtlUnwindEx	0x1400150b0SetLastError	0x1400150b8FlsAlloc	0x1400150c0FlsGetValue	0x1400150c8FlsSetValue	0x1400150d0FlsFree	0x1400150d8EnterCriticalSection	0x1400150e0LeaveCriticalSection	0x1400150e8InitializeCriticalSectionEx	0x1400150f0DeleteCriticalSection	0x1400150f8RaiseException	0x140015100GetConsoleCP	0x140015108GetModuleFileNameW	0x140015110GetCurrentProcess	0x140015118ExitProcess	0x140015120TerminateProcess	0x140015128FreeLibrary	0x140015130GetModuleHandleExW	0x140015138GetProcAddress	0x140015140GetCommandLineA	0x140015148GetCommandLineW	0x140015150HeapAlloc	0x140015158HeapFree	0x140015160InitializeCriticalSectionAndSpinCount	0x140015168TlsAlloc	0x140015170TlsGetValue	0x140015178TlsSetValue	0x140015180TlsFree	0x140015188LoadLibraryExW	0x140015190CompareStringW	0x140015198LCMapStringW	0x1400151a0GetFileType	0x1400151a8WideCharToMultiByte	0x1400151b0GetConsoleMode	0x1400151b8FindClose	0x1400151c0FindFirstFileExW	0x1400151c8FindNextFileW	0x1400151d0IsValidCodePage	0x1400151d8GetACP	0x1400151e0GetOEMCP	0x1400151e8GetCPInfo	0x1400151f0MultiByteToWideChar	0x1400151f8GetEnvironmentStringsW	0x140015200FreeEnvironmentStringsW	0x140015208SetEnvironmentVariableW	0x140015210SetStdHandle	0x140015218GetStringTypeW	0x140015220GetProcessHeap	0x140015228FlushFileBuffers	0x140015230GetFileSizeEx	0x140015238SetFilePointerEx	0x140015240HeapSize	0x140015248HeapReAlloc,,,,,Aucun symbole exporté trouvé.,0x200000x9b0,,,,,,,,,,,,,,,,,,,,,,,,,,,,,,,,,,,,,,,,
5,C:/Users/hp/Documents/MSEFC/ue7_Forensic1\RAM\Dump-tools\Comae-Toolkit\ARM64\DumpIt.exe,0x19870,0x10000x41918,0x430000x17b0a,0x5b0000x2e58,0x600000x2e070,0x8f0000x9e0,,	0x140043068GetProcAddress	0x140043070LoadLibraryW	0x140043078GetModuleHandleA	0x140043080GetCurrentProcess	0x140043088DeviceIoControl	0x140043090GetLastError	0x140043098GetSystemTimeAsFileTime	0x1400430a0GetModuleFileNameW	0x1400430a8GetConsoleScreenBufferInfo	0x1400430b0GetStdHandle	0x1400430b8SetConsoleTextAttribute	0x1400430c0lstrlenW	0x1400430c8FindResourceA	0x1400430d0LoadResource	0x1400430d8SizeofResource	0x1400430e0LockResource	0x1400430e8WriteFile	0x1400430f0GetProcessHeap	0x1400430f8GetSystemDirectoryW	0x140043100ExpandEnvironmentStringsW	0x140043108GetCurrentDirectoryW	0x140043110ReadFile	0x140043118InitializeCriticalSection	0x140043120DeleteCriticalSection	0x140043128EnterCriticalSection	0x140043130LeaveCriticalSection	0x140043138CreateDirectoryW	0x140043140GetFileSize	0x140043148FlushFileBuffers	0x140043150GetFileSizeEx	0x140043158MoveFileW	0x140043160OutputDebugStringW	0x140043168GetCurrentThreadId	0x140043170GetCurrentProcessId	0x140043178WideCharToMultiByte	0x140043180MultiByteToWideChar	0x140043188HeapFree	0x140043190FormatMessageW	0x140043198CreateThread	0x1400431a0QueryPerformanceCounter	0x1400431a8GetDiskFreeSpaceExW	0x1400431b0GetVolumeInformationW	0x1400431b8GetVolumePathNameW	0x1400431c0GlobalMemoryStatusEx	0x1400431c8DeleteFileW	0x1400431d0WaitForSingleObject	0x1400431d8CreateProcessW	0x1400431e0CloseHandle	0x1400431e8CreateFileW	0x1400431f0GetEnvironmentVariableW	0x1400431f8GetSystemTime	0x140043200GetFullPathNameW	0x140043208GetLocalTime	0x140043210QueryPerformanceFrequency	0x140043218GetComputerNameW	0x140043220GetNativeSystemInfo	0x140043228GetVersionExA	0x140043230RtlUnwind	0x140043238WriteConsoleW	0x140043240GetSystemWow64DirectoryW	0x140043248HeapSize	0x140043250SetEndOfFile	0x140043258SetEnvironmentVariableW	0x140043260FreeEnvironmentStringsW	0x140043268GetEnvironmentStringsW	0x140043270GetOEMCP	0x140043278GetACP	0x140043280IsValidCodePage	0x140043288FindNextFileW	0x140043290FindFirstFileExW	0x140043298FindClose	0x1400432a0LoadLibraryExW	0x1400432a8SetStdHandle	0x1400432b0HeapReAlloc	0x1400432b8ReadConsoleInputW	0x1400432c0SetConsoleMode	0x1400432c8ReadConsoleW	0x1400432d0SetFilePointerEx	0x1400432d8GetConsoleMode	0x1400432e0EnumSystemLocalesW	0x1400432e8GetUserDefaultLCID	0x1400432f0IsValidLocale	0x1400432f8GetLocaleInfoW	0x140043300LCMapStringW	0x140043308InitOnceExecuteOnce	0x140043310EncodePointer	0x140043318DecodePointer	0x140043320InitializeCriticalSectionEx	0x140043328LCMapStringEx	0x140043330GetStringTypeW	0x140043338GetCPInfo	0x140043340InitializeSListHead	0x140043348SetUnhandledExceptionFilter	0x140043350GetStartupInfoW	0x140043358GetModuleHandleW	0x140043360LocalFree	0x140043368RtlLookupFunctionEntry	0x140043370RtlUnwindEx	0x140043378RtlPcToFileHeader	0x140043380RaiseException	0x140043388SetLastError	0x140043390FlsAlloc	0x140043398FlsGetValue	0x1400433a0FlsSetValue	0x1400433a8FlsFree	0x1400433b0GetConsoleCP	0x1400433b8ExitProcess	0x1400433c0TerminateProcess	0x1400433c8FreeLibrary	0x1400433d0GetModuleHandleExW	0x1400433d8GetFileType	0x1400433e0GetFileAttributesExW	0x1400433e8SetFileAttributesW	0x1400433f0GetCommandLineA	0x1400433f8GetCommandLineW	0x140043400HeapAlloc	0x140043408InitializeCriticalSectionAndSpinCount	0x140043410TlsAlloc	0x140043418TlsGetValue	0x140043420TlsSetValue	0x140043428TlsFree	0x140043430CompareStringW,,,,	0x140043000RegOpenKeyExW	0x140043008RegCloseKey	0x140043010RegCreateKeyW	0x140043018AdjustTokenPrivileges	0x140043020LookupPrivilegeValueA	0x140043028OpenProcessToken	0x140043030RegSetValueExW	0x140043038RegQueryValueExW	0x140043040FreeSid	0x140043048CheckTokenMembership	0x140043050AllocateAndInitializeSid	0x140043058GetUserNameW,Aucun symbole exporté trouvé.,0x5e0000x1ec0,,,,,	0x140043510CoInitializeSecurity	0x140043518CoUninitialize	0x140043520CoCreateInstance	0x140043528CoInitializeEx,,	0x140043440NetApiBufferFree	0x140043448NetGetJoinInformation,	0x140043458SysFreeString	0x140043460SysStringByteLen	0x140043468SysAllocString	0x140043470VariantClear,	0x1400434e8WSAStartup	0x1400434f0gethostbyname	0x1400434f8WSACleanup	0x140043500inet_addr,	0x140043480SHDeleteKeyW,	0x140043490WinHttpSendRequest	0x140043498WinHttpQueryDataAvailable	0x1400434a0WinHttpQueryHeaders	0x1400434a8WinHttpOpen	0x1400434b0WinHttpAddRequestHeaders	0x1400434b8WinHttpConnect	0x1400434c0WinHttpCloseHandle	0x1400434c8WinHttpOpenRequest	0x1400434d0WinHttpReadData	0x1400434d8WinHttpReceiveResponse,,,,,,,,,,,,,,,,,,,,,,,,,,,,,
6,C:/Users/hp/Documents/MSEFC/ue7_Forensic1\RAM\Dump-tools\Comae-Toolkit\ARM64\Hibr2Bin.exe,0x4b20,0x10000x1664c,0x180000xa18c,0x230000x1c40,0x260000x1a348,0x410000x664,,	0x140018000ReadFile	0x140018008GetLastError	0x140018010GetOverlappedResult	0x140018018CreateFileW	0x140018020WriteFile	0x140018028WaitForSingleObjectEx	0x140018030CloseHandle	0x140018038GetFileSizeEx	0x140018040GetLocalTime	0x140018048GetStdHandle	0x140018050SetConsoleCursorPosition	0x140018058GetConsoleScreenBufferInfo	0x140018060SetConsoleTextAttribute	0x140018068WriteConsoleW	0x140018070QueryPerformanceCounter	0x140018078GetCurrentProcessId	0x140018080GetCurrentThreadId	0x140018088GetSystemTimeAsFileTime	0x140018090InitializeSListHead	0x140018098SetUnhandledExceptionFilter	0x1400180a0GetStartupInfoW	0x1400180a8GetModuleHandleW	0x1400180b0RtlLookupFunctionEntry	0x1400180b8RtlUnwindEx	0x1400180c0RtlPcToFileHeader	0x1400180c8RaiseException	0x1400180d0SetLastError	0x1400180d8FlsAlloc	0x1400180e0FlsGetValue	0x1400180e8FlsSetValue	0x1400180f0FlsFree	0x1400180f8EncodePointer	0x140018100EnterCriticalSection	0x140018108LeaveCriticalSection	0x140018110InitializeCriticalSectionEx	0x140018118DeleteCriticalSection	0x140018120GetModuleFileNameW	0x140018128GetCurrentProcess	0x140018130ExitProcess	0x140018138TerminateProcess	0x140018140FreeLibrary	0x140018148GetModuleHandleExW	0x140018150GetProcAddress	0x140018158GetCommandLineA	0x140018160GetCommandLineW	0x140018168HeapAlloc	0x140018170HeapFree	0x140018178InitializeCriticalSectionAndSpinCount	0x140018180TlsAlloc	0x140018188TlsGetValue	0x140018190TlsSetValue	0x140018198TlsFree	0x1400181a0LoadLibraryExW	0x1400181a8CompareStringW	0x1400181b0LCMapStringW	0x1400181b8GetFileType	0x1400181c0FindClose	0x1400181c8FindFirstFileExW	0x1400181d0FindNextFileW	0x1400181d8IsValidCodePage	0x1400181e0GetACP	0x1400181e8GetOEMCP	0x1400181f0GetCPInfo	0x1400181f8MultiByteToWideChar	0x140018200WideCharToMultiByte	0x140018208GetEnvironmentStringsW	0x140018210FreeEnvironmentStringsW	0x140018218SetEnvironmentVariableW	0x140018220SetStdHandle	0x140018228GetStringTypeW	0x140018230GetProcessHeap	0x140018238FlushFileBuffers	0x140018240GetConsoleCP	0x140018248GetConsoleMode	0x140018250SetFilePointerEx	0x140018258HeapSize	0x140018260HeapReAlloc,,,,,Aucun symbole exporté trouvé.,0x250000xb70,,,,,,,,,,,,,,,,,,,,,,,,,,,,,,,,,,,,,,,,
7,C:/Users/hp/Documents/MSEFC/ue7_Forensic1\RAM\Dump-tools\Comae-Toolkit\ARM64\Z2Dmp.exe,0x23d0,0x10000x11bc0,0x130000x8ed2,0x1c0000x1b68,0x1f0000x1e0,0x200000x638,,	0x140013000CreateFileW	0x140013008ReadFile	0x140013010SetFilePointer	0x140013018QueryPerformanceFrequency	0x140013020QueryPerformanceCounter	0x140013028GetLastError	0x140013030WriteFile	0x140013038CloseHandle	0x140013040LoadLibraryW	0x140013048GetProcAddress	0x140013050WriteConsoleW	0x140013058GetCurrentProcessId	0x140013060GetCurrentThreadId	0x140013068GetSystemTimeAsFileTime	0x140013070InitializeSListHead	0x140013078SetUnhandledExceptionFilter	0x140013080GetStartupInfoW	0x140013088GetModuleHandleW	0x140013090RtlUnwindEx	0x140013098SetLastError	0x1400130a0FlsAlloc	0x1400130a8FlsGetValue	0x1400130b0FlsSetValue	0x1400130b8FlsFree	0x1400130c0EnterCriticalSection	0x1400130c8LeaveCriticalSection	0x1400130d0InitializeCriticalSectionEx	0x1400130d8DeleteCriticalSection	0x1400130e0RaiseException	0x1400130e8GetStdHandle	0x1400130f0GetModuleFileNameW	0x1400130f8GetCurrentProcess	0x140013100ExitProcess	0x140013108TerminateProcess	0x140013110FreeLibrary	0x140013118GetModuleHandleExW	0x140013120GetCommandLineA	0x140013128GetCommandLineW	0x140013130HeapAlloc	0x140013138HeapFree	0x140013140InitializeCriticalSectionAndSpinCount	0x140013148TlsAlloc	0x140013150TlsGetValue	0x140013158TlsSetValue	0x140013160TlsFree	0x140013168LoadLibraryExW	0x140013170CompareStringW	0x140013178LCMapStringW	0x140013180GetFileType	0x140013188FindClose	0x140013190FindFirstFileExW	0x140013198FindNextFileW	0x1400131a0IsValidCodePage	0x1400131a8GetACP	0x1400131b0GetOEMCP	0x1400131b8GetCPInfo	0x1400131c0MultiByteToWideChar	0x1400131c8WideCharToMultiByte	0x1400131d0GetEnvironmentStringsW	0x1400131d8FreeEnvironmentStringsW	0x1400131e0SetEnvironmentVariableW	0x1400131e8SetStdHandle	0x1400131f0GetStringTypeW	0x1400131f8GetProcessHeap	0x140013200FlushFileBuffers	0x140013208GetConsoleCP	0x140013210GetConsoleMode	0x140013218GetFileSizeEx	0x140013220SetFilePointerEx	0x140013228HeapSize	0x140013230HeapReAlloc,,,,,Aucun symbole exporté trouvé.,0x1e0000x938,,,,,,,,,,,,,,,,,,,,,,,,,,,,,,,,,,,,,,,,
8,C:/Users/hp/Documents/MSEFC/ue7_Forensic1\RAM\Dump-tools\Comae-Toolkit\x64\Bin2Dmp.exe,0x71a0,0x10000x16630,0x180000xb9e2,0x240000x1e80,0x290000x538,0x2a0000x664,,	0x140018000CreateFileW	0x140018008GetTickCount	0x140018010CloseHandle	0x140018018ReadFile	0x140018020GetLastError	0x140018028GetOverlappedResult	0x140018030WriteFile	0x140018038WaitForSingleObjectEx	0x140018040GetFileSize	0x140018048GetConsoleScreenBufferInfo	0x140018050GetStdHandle	0x140018058SetConsoleTextAttribute	0x140018060GetSystemTime	0x140018068SystemTimeToFileTime	0x140018070SetConsoleCursorPosition	0x140018078WriteConsoleW	0x140018080RtlCaptureContext	0x140018088RtlLookupFunctionEntry	0x140018090RtlVirtualUnwind	0x140018098UnhandledExceptionFilter	0x1400180a0SetUnhandledExceptionFilter	0x1400180a8GetCurrentProcess	0x1400180b0TerminateProcess	0x1400180b8IsProcessorFeaturePresent	0x1400180c0QueryPerformanceCounter	0x1400180c8GetCurrentProcessId	0x1400180d0GetCurrentThreadId	0x1400180d8GetSystemTimeAsFileTime	0x1400180e0InitializeSListHead	0x1400180e8IsDebuggerPresent	0x1400180f0GetStartupInfoW	0x1400180f8GetModuleHandleW	0x140018100RtlUnwindEx	0x140018108SetLastError	0x140018110EnterCriticalSection	0x140018118LeaveCriticalSection	0x140018120DeleteCriticalSection	0x140018128InitializeCriticalSectionAndSpinCount	0x140018130TlsAlloc	0x140018138TlsGetValue	0x140018140TlsSetValue	0x140018148TlsFree	0x140018150FreeLibrary	0x140018158GetProcAddress	0x140018160LoadLibraryExW	0x140018168RaiseException	0x140018170GetConsoleCP	0x140018178GetModuleFileNameW	0x140018180ExitProcess	0x140018188GetModuleHandleExW	0x140018190GetCommandLineA	0x140018198GetCommandLineW	0x1400181a0HeapAlloc	0x1400181a8HeapFree	0x1400181b0CompareStringW	0x1400181b8LCMapStringW	0x1400181c0GetFileType	0x1400181c8WideCharToMultiByte	0x1400181d0GetConsoleMode	0x1400181d8FindClose	0x1400181e0FindFirstFileExW	0x1400181e8FindNextFileW	0x1400181f0IsValidCodePage	0x1400181f8GetACP	0x140018200GetOEMCP	0x140018208GetCPInfo	0x140018210MultiByteToWideChar	0x140018218GetEnvironmentStringsW	0x140018220FreeEnvironmentStringsW	0x140018228SetEnvironmentVariableW	0x140018230SetStdHandle	0x140018238GetStringTypeW	0x140018240GetProcessHeap	0x140018248FlushFileBuffers	0x140018250GetFileSizeEx	0x140018258SetFilePointerEx	0x140018260HeapSize	0x140018268HeapReAlloc,,,,,Aucun symbole exporté trouvé.,0x260000x1308,,,,,,,,,,,,0x280000xfc,,,,,,,,,,,,,,,,,,,,,,,,,,,,
9,C:/Users/hp/Documents/MSEFC/ue7_Forensic1\RAM\Dump-tools\Comae-Toolkit\x64\Dmp2Bin.exe,0x41f0,0x10000x13080,0x150000xaa0c,0x200000x1e90,0x250000x540,0x260000x664,,	0x140015000CreateFileW	0x140015008GetTickCount	0x140015010CloseHandle	0x140015018ReadFile	0x140015020GetLastError	0x140015028GetOverlappedResult	0x140015030WriteFile	0x140015038WaitForSingleObjectEx	0x140015040GetConsoleScreenBufferInfo	0x140015048GetStdHandle	0x140015050SetConsoleTextAttribute	0x140015058SetConsoleCursorPosition	0x140015060WriteConsoleW	0x140015068RtlCaptureContext	0x140015070RtlLookupFunctionEntry	0x140015078RtlVirtualUnwind	0x140015080UnhandledExceptionFilter	0x140015088SetUnhandledExceptionFilter	0x140015090GetCurrentProcess	0x140015098TerminateProcess	0x1400150a0IsProcessorFeaturePresent	0x1400150a8QueryPerformanceCounter	0x1400150b0GetCurrentProcessId	0x1400150b8GetCurrentThreadId	0x1400150c0GetSystemTimeAsFileTime	0x1400150c8InitializeSListHead	0x1400150d0IsDebuggerPresent	0x1400150d8GetStartupInfoW	0x1400150e0GetModuleHandleW	0x1400150e8RtlUnwindEx	0x1400150f0SetLastError	0x1400150f8EnterCriticalSection	0x140015100LeaveCriticalSection	0x140015108DeleteCriticalSection	0x140015110InitializeCriticalSectionAndSpinCount	0x140015118TlsAlloc	0x140015120TlsGetValue	0x140015128TlsSetValue	0x140015130TlsFree	0x140015138FreeLibrary	0x140015140GetProcAddress	0x140015148LoadLibraryExW	0x140015150RaiseException	0x140015158GetConsoleCP	0x140015160GetModuleFileNameW	0x140015168ExitProcess	0x140015170GetModuleHandleExW	0x140015178GetCommandLineA	0x140015180GetCommandLineW	0x140015188HeapAlloc	0x140015190HeapFree	0x140015198CompareStringW	0x1400151a0LCMapStringW	0x1400151a8GetFileType	0x1400151b0WideCharToMultiByte	0x1400151b8GetConsoleMode	0x1400151c0FindClose	0x1400151c8FindFirstFileExW	0x1400151d0FindNextFileW	0x1400151d8IsValidCodePage	0x1400151e0GetACP	0x1400151e8GetOEMCP	0x1400151f0GetCPInfo	0x1400151f8MultiByteToWideChar	0x140015200GetEnvironmentStringsW	0x140015208FreeEnvironmentStringsW	0x140015210SetEnvironmentVariableW	0x140015218SetStdHandle	0x140015220GetStringTypeW	0x140015228GetProcessHeap	0x140015230FlushFileBuffers	0x140015238GetFileSizeEx	0x140015240SetFilePointerEx	0x140015248HeapSize	0x140015250HeapReAlloc,,,,,Aucun symbole exporté trouvé.,0x220000x1194,,,,,,,,,,,,0x240000xfc,,,,,,,,,,,,,,,,,,,,,,,,,,,,
10,C:/Users/hp/Documents/MSEFC/ue7_Forensic1\RAM\Dump-tools\Comae-Toolkit\x64\Dmp2Json.exe,0x1fd0,0x10000x1a180,0x1c0000xb544,0x280000x1e28,0x2d0000x540,0x2e0000x680,,	0x14001c000GetEnvironmentVariableA	0x14001c008SetEnvironmentVariableA	0x14001c010WriteConsoleW	0x14001c018CreateFileW	0x14001c020RtlCaptureContext	0x14001c028RtlLookupFunctionEntry	0x14001c030RtlVirtualUnwind	0x14001c038UnhandledExceptionFilter	0x14001c040SetUnhandledExceptionFilter	0x14001c048GetCurrentProcess	0x14001c050TerminateProcess	0x14001c058IsProcessorFeaturePresent	0x14001c060QueryPerformanceCounter	0x14001c068GetCurrentProcessId	0x14001c070GetCurrentThreadId	0x14001c078GetSystemTimeAsFileTime	0x14001c080InitializeSListHead	0x14001c088IsDebuggerPresent	0x14001c090GetStartupInfoW	0x14001c098GetModuleHandleW	0x14001c0a0RtlUnwindEx	0x14001c0a8RaiseException	0x14001c0b0GetLastError	0x14001c0b8SetLastError	0x14001c0c0EnterCriticalSection	0x14001c0c8LeaveCriticalSection	0x14001c0d0DeleteCriticalSection	0x14001c0d8InitializeCriticalSectionAndSpinCount	0x14001c0e0TlsAlloc	0x14001c0e8TlsGetValue	0x14001c0f0TlsSetValue	0x14001c0f8TlsFree	0x14001c100FreeLibrary	0x14001c108GetProcAddress	0x14001c110LoadLibraryExW	0x14001c118ExitProcess	0x14001c120GetModuleHandleExW	0x14001c128GetStdHandle	0x14001c130WriteFile	0x14001c138GetModuleFileNameW	0x14001c140GetCommandLineA	0x14001c148GetCommandLineW	0x14001c150HeapAlloc	0x14001c158HeapFree	0x14001c160CompareStringW	0x14001c168LCMapStringW	0x14001c170GetFileType	0x14001c178FindClose	0x14001c180FindFirstFileExW	0x14001c188FindNextFileW	0x14001c190IsValidCodePage	0x14001c198GetACP	0x14001c1a0GetOEMCP	0x14001c1a8GetCPInfo	0x14001c1b0MultiByteToWideChar	0x14001c1b8WideCharToMultiByte	0x14001c1c0GetEnvironmentStringsW	0x14001c1c8FreeEnvironmentStringsW	0x14001c1d0SetEnvironmentVariableW	0x14001c1d8SetStdHandle	0x14001c1e0GetStringTypeW	0x14001c1e8GetProcessHeap	0x14001c1f0FlushFileBuffers	0x14001c1f8GetConsoleCP	0x14001c200GetConsoleMode	0x14001c208GetFileSizeEx	0x14001c210SetFilePointerEx	0x14001c218HeapSize	0x14001c220HeapReAlloc	0x14001c228CloseHandle,,,,,Aucun symbole exporté trouvé.,0x2a0000x1488,,,,,,,,,,,,0x2c0000xfc,	0x14001c238DebugCreate,,,,,,,,,,,,,,,,,,,,,,,,,,,
11,C:/Users/hp/Documents/MSEFC/ue7_Forensic1\RAM\Dump-tools\Comae-Toolkit\x64\DumpIt.exe,0x192c0,0x10000x4130e,0x430000x1fb7e,0x630000x3134,0x6c0000x2fc68,0x9c0000xda0,,	0x140043068GetProcAddress	0x140043070LoadLibraryW	0x140043078GetModuleHandleA	0x140043080GetCurrentProcess	0x140043088DeviceIoControl	0x140043090GetLastError	0x140043098GetSystemTimeAsFileTime	0x1400430a0GetModuleFileNameW	0x1400430a8GetConsoleScreenBufferInfo	0x1400430b0GetStdHandle	0x1400430b8SetConsoleTextAttribute	0x1400430c0lstrlenW	0x1400430c8FindResourceA	0x1400430d0LoadResource	0x1400430d8SizeofResource	0x1400430e0LockResource	0x1400430e8WriteFile	0x1400430f0GetProcessHeap	0x1400430f8GetSystemDirectoryW	0x140043100ExpandEnvironmentStringsW	0x140043108GetCurrentDirectoryW	0x140043110ReadFile	0x140043118InitializeCriticalSection	0x140043120DeleteCriticalSection	0x140043128EnterCriticalSection	0x140043130LeaveCriticalSection	0x140043138CreateDirectoryW	0x140043140GetFileSize	0x140043148FlushFileBuffers	0x140043150GetFileSizeEx	0x140043158MoveFileW	0x140043160OutputDebugStringW	0x140043168GetCurrentThreadId	0x140043170GetCurrentProcessId	0x140043178WideCharToMultiByte	0x140043180MultiByteToWideChar	0x140043188HeapFree	0x140043190FormatMessageW	0x140043198CreateThread	0x1400431a0QueryPerformanceCounter	0x1400431a8GetDiskFreeSpaceExW	0x1400431b0GetVolumeInformationW	0x1400431b8GetVolumePathNameW	0x1400431c0GlobalMemoryStatusEx	0x1400431c8DeleteFileW	0x1400431d0WaitForSingleObject	0x1400431d8CreateProcessW	0x1400431e0CloseHandle	0x1400431e8CreateFileW	0x1400431f0GetEnvironmentVariableW	0x1400431f8GetSystemTime	0x140043200GetFullPathNameW	0x140043208GetLocalTime	0x140043210QueryPerformanceFrequency	0x140043218GetComputerNameW	0x140043220GetNativeSystemInfo	0x140043228GetVersionExA	0x140043230HeapReAlloc	0x140043238SetFilePointerEx	0x140043240GetSystemWow64DirectoryW	0x140043248GetConsoleCP	0x140043250EnumSystemLocalesW	0x140043258HeapAlloc	0x140043260HeapSize	0x140043268GetUserDefaultLCID	0x140043270IsValidLocale	0x140043278GetACP	0x140043280SetEndOfFile	0x140043288WriteConsoleW	0x140043290SetEnvironmentVariableW	0x140043298FreeEnvironmentStringsW	0x1400432a0GetCommandLineW	0x1400432a8GetEnvironmentStringsW	0x1400432b0GetOEMCP	0x1400432b8IsValidCodePage	0x1400432c0FindNextFileW	0x1400432c8FindFirstFileExW	0x1400432d0FindClose	0x1400432d8ReadConsoleW	0x1400432e0SetStdHandle	0x1400432e8EncodePointer	0x1400432f0DecodePointer	0x1400432f8SetLastError	0x140043300InitializeCriticalSectionAndSpinCount	0x140043308CreateEventW	0x140043310TlsAlloc	0x140043318TlsGetValue	0x140043320TlsSetValue	0x140043328TlsFree	0x140043330GetModuleHandleW	0x140043338CompareStringW	0x140043340LCMapStringW	0x140043348GetLocaleInfoW	0x140043350GetStringTypeW	0x140043358GetCPInfo	0x140043360SetEvent	0x140043368ResetEvent	0x140043370WaitForSingleObjectEx	0x140043378RtlCaptureContext	0x140043380RtlLookupFunctionEntry	0x140043388RtlVirtualUnwind	0x140043390UnhandledExceptionFilter	0x140043398SetUnhandledExceptionFilter	0x1400433a0TerminateProcess	0x1400433a8IsProcessorFeaturePresent	0x1400433b0IsDebuggerPresent	0x1400433b8GetStartupInfoW	0x1400433c0InitializeSListHead	0x1400433c8LocalFree	0x1400433d0RtlPcToFileHeader	0x1400433d8RaiseException	0x1400433e0RtlUnwindEx	0x1400433e8FreeLibrary	0x1400433f0LoadLibraryExW	0x1400433f8GetConsoleMode	0x140043400ReadConsoleInputA	0x140043408SetConsoleMode	0x140043410ExitProcess	0x140043418GetModuleHandleExW	0x140043420GetFileType	0x140043428GetFileAttributesExW	0x140043430SetFileAttributesW	0x140043438GetCommandLineA,,,,	0x140043000RegOpenKeyExW	0x140043008RegCloseKey	0x140043010RegCreateKeyW	0x140043018AdjustTokenPrivileges	0x140043020LookupPrivilegeValueA	0x140043028OpenProcessToken	0x140043030RegSetValueExW	0x140043038RegQueryValueExW	0x140043040FreeSid	0x140043048CheckTokenMembership	0x140043050AllocateAndInitializeSid	0x140043058GetUserNameW,Aucun symbole exporté trouvé.,0x670000x3420,,,,,	0x140043518CoUninitialize	0x140043520CoInitializeSecurity	0x140043528CoInitializeEx	0x140043530CoCreateInstance,,	0x140043448NetApiBufferFree	0x140043450NetGetJoinInformation,	0x140043460VariantClear	0x140043468SysFreeString	0x140043470SysStringByteLen	0x140043478SysAllocString,	0x1400434f0WSACleanup	0x1400434f8gethostbyname	0x140043500inet_addr	0x140043508WSAStartup,	0x140043488SHDeleteKeyW,	0x140043498WinHttpAddRequestHeaders	0x1400434a0WinHttpQueryHeaders	0x1400434a8WinHttpReadData	0x1400434b0WinHttpQueryDataAvailable	0x1400434b8WinHttpReceiveResponse	0x1400434c0WinHttpSendRequest	0x1400434c8WinHttpOpenRequest	0x1400434d0WinHttpCloseHandle	0x1400434d8WinHttpConnect	0x1400434e0WinHttpOpen,,,0x6b0000x9,,,,,,,,,,,,,,,,,,,,,,,,,,
12,C:/Users/hp/Documents/MSEFC/ue7_Forensic1\RAM\Dump-tools\Comae-Toolkit\x64\Hibr2Bin.exe,0x3ee0,0x10000x15e60,0x170000xbd54,0x230000x1e18,0x280000x1a348,0x430000x684,,	0x140017028GetFileSizeEx	0x140017030GetLocalTime	0x140017038GetStdHandle	0x140017040CloseHandle	0x140017048GetConsoleScreenBufferInfo	0x140017050SetConsoleTextAttribute	0x140017058WriteConsoleW	0x140017060WaitForSingleObjectEx	0x140017068WriteFile	0x140017070CreateFileW	0x140017078GetOverlappedResult	0x140017080GetLastError	0x140017088SetConsoleCursorPosition	0x140017090ReadFile	0x140017098RtlCaptureContext	0x1400170a0RtlLookupFunctionEntry	0x1400170a8RtlVirtualUnwind	0x1400170b0UnhandledExceptionFilter	0x1400170b8SetUnhandledExceptionFilter	0x1400170c0GetCurrentProcess	0x1400170c8TerminateProcess	0x1400170d0IsProcessorFeaturePresent	0x1400170d8QueryPerformanceCounter	0x1400170e0GetCurrentProcessId	0x1400170e8GetCurrentThreadId	0x1400170f0GetSystemTimeAsFileTime	0x1400170f8InitializeSListHead	0x140017100IsDebuggerPresent	0x140017108GetStartupInfoW	0x140017110GetModuleHandleW	0x140017118RtlUnwindEx	0x140017120RtlPcToFileHeader	0x140017128RaiseException	0x140017130SetLastError	0x140017138EncodePointer	0x140017140EnterCriticalSection	0x140017148LeaveCriticalSection	0x140017150DeleteCriticalSection	0x140017158InitializeCriticalSectionAndSpinCount	0x140017160TlsAlloc	0x140017168TlsGetValue	0x140017170TlsSetValue	0x140017178TlsFree	0x140017180FreeLibrary	0x140017188GetProcAddress	0x140017190LoadLibraryExW	0x140017198GetModuleFileNameW	0x1400171a0ExitProcess	0x1400171a8GetModuleHandleExW	0x1400171b0GetCommandLineA	0x1400171b8GetCommandLineW	0x1400171c0HeapAlloc	0x1400171c8HeapFree	0x1400171d0CompareStringW	0x1400171d8LCMapStringW	0x1400171e0GetFileType	0x1400171e8FindClose	0x1400171f0FindFirstFileExW	0x1400171f8FindNextFileW	0x140017200IsValidCodePage	0x140017208GetACP	0x140017210GetOEMCP	0x140017218GetCPInfo	0x140017220MultiByteToWideChar	0x140017228WideCharToMultiByte	0x140017230GetEnvironmentStringsW	0x140017238FreeEnvironmentStringsW	0x140017240SetEnvironmentVariableW	0x140017248SetStdHandle	0x140017250GetStringTypeW	0x140017258GetProcessHeap	0x140017260FlushFileBuffers	0x140017268GetConsoleCP	0x140017270GetConsoleMode	0x140017278SetFilePointerEx	0x140017280HeapSize	0x140017288HeapReAlloc,,,,	0x140017000CryptGetHashParam	0x140017008CryptHashData	0x140017010CryptCreateHash	0x140017018CryptAcquireContextA,Aucun symbole exporté trouvé.,0x250000x1338,,,,,,,,,,,,0x270000xfc,,,,,,,,,,,,,,,,,,,,,,,,,,,,
13,C:/Users/hp/Documents/MSEFC/ue7_Forensic1\RAM\Dump-tools\Comae-Toolkit\x64\Hibr2Dmp.exe,0x7cd0,0x10000x16b60,0x180000xb9ac,0x240000x1e90,0x290000x560,0x2a0000x664,,	0x140018000ReadFile	0x140018008GetLastError	0x140018010GetOverlappedResult	0x140018018WriteFile	0x140018020WaitForSingleObjectEx	0x140018028CreateFileW	0x140018030CloseHandle	0x140018038GetTickCount	0x140018040GetConsoleScreenBufferInfo	0x140018048GetStdHandle	0x140018050SetConsoleTextAttribute	0x140018058GetSystemTime	0x140018060SystemTimeToFileTime	0x140018068SetConsoleCursorPosition	0x140018070WriteConsoleW	0x140018078RtlCaptureContext	0x140018080RtlLookupFunctionEntry	0x140018088RtlVirtualUnwind	0x140018090UnhandledExceptionFilter	0x140018098SetUnhandledExceptionFilter	0x1400180a0GetCurrentProcess	0x1400180a8TerminateProcess	0x1400180b0IsProcessorFeaturePresent	0x1400180b8QueryPerformanceCounter	0x1400180c0GetCurrentProcessId	0x1400180c8GetCurrentThreadId	0x1400180d0GetSystemTimeAsFileTime	0x1400180d8InitializeSListHead	0x1400180e0IsDebuggerPresent	0x1400180e8GetStartupInfoW	0x1400180f0GetModuleHandleW	0x1400180f8RtlUnwindEx	0x140018100SetLastError	0x140018108EnterCriticalSection	0x140018110LeaveCriticalSection	0x140018118DeleteCriticalSection	0x140018120InitializeCriticalSectionAndSpinCount	0x140018128TlsAlloc	0x140018130TlsGetValue	0x140018138TlsSetValue	0x140018140TlsFree	0x140018148FreeLibrary	0x140018150GetProcAddress	0x140018158LoadLibraryExW	0x140018160RaiseException	0x140018168GetConsoleCP	0x140018170GetModuleFileNameW	0x140018178ExitProcess	0x140018180GetModuleHandleExW	0x140018188GetCommandLineA	0x140018190GetCommandLineW	0x140018198HeapFree	0x1400181a0HeapAlloc	0x1400181a8CompareStringW	0x1400181b0LCMapStringW	0x1400181b8GetFileType	0x1400181c0WideCharToMultiByte	0x1400181c8GetConsoleMode	0x1400181d0FindClose	0x1400181d8FindFirstFileExW	0x1400181e0FindNextFileW	0x1400181e8IsValidCodePage	0x1400181f0GetACP	0x1400181f8GetOEMCP	0x140018200GetCPInfo	0x140018208MultiByteToWideChar	0x140018210GetEnvironmentStringsW	0x140018218FreeEnvironmentStringsW	0x140018220SetEnvironmentVariableW	0x140018228SetStdHandle	0x140018230GetStringTypeW	0x140018238GetProcessHeap	0x140018240FlushFileBuffers	0x140018248GetFileSizeEx	0x140018250SetFilePointerEx	0x140018258HeapSize	0x140018260HeapReAlloc,,,,,Aucun symbole exporté trouvé.,0x260000x1428,,,,,,,,,,,,0x280000xfc,,,,,,,,,,,,,,,,,,,,,,,,,,,,
14,C:/Users/hp/Documents/MSEFC/ue7_Forensic1\RAM\Dump-tools\Comae-Toolkit\x64\Z2Dmp.exe,0x1860,0x10000x10a50,0x120000xaaf0,0x1d0000x1d30,0x210000x1e0,0x220000x668,,	0x140012000CreateFileW	0x140012008ReadFile	0x140012010SetFilePointer	0x140012018QueryPerformanceFrequency	0x140012020QueryPerformanceCounter	0x140012028GetLastError	0x140012030WriteFile	0x140012038CloseHandle	0x140012040LoadLibraryW	0x140012048GetProcAddress	0x140012050WriteConsoleW	0x140012058RtlCaptureContext	0x140012060RtlLookupFunctionEntry	0x140012068RtlVirtualUnwind	0x140012070UnhandledExceptionFilter	0x140012078SetUnhandledExceptionFilter	0x140012080GetCurrentProcess	0x140012088TerminateProcess	0x140012090IsProcessorFeaturePresent	0x140012098GetCurrentProcessId	0x1400120a0GetCurrentThreadId	0x1400120a8GetSystemTimeAsFileTime	0x1400120b0InitializeSListHead	0x1400120b8IsDebuggerPresent	0x1400120c0GetStartupInfoW	0x1400120c8GetModuleHandleW	0x1400120d0RtlUnwindEx	0x1400120d8SetLastError	0x1400120e0EnterCriticalSection	0x1400120e8LeaveCriticalSection	0x1400120f0DeleteCriticalSection	0x1400120f8InitializeCriticalSectionAndSpinCount	0x140012100TlsAlloc	0x140012108TlsGetValue	0x140012110TlsSetValue	0x140012118TlsFree	0x140012120FreeLibrary	0x140012128LoadLibraryExW	0x140012130RaiseException	0x140012138GetStdHandle	0x140012140GetModuleFileNameW	0x140012148ExitProcess	0x140012150GetModuleHandleExW	0x140012158GetCommandLineA	0x140012160GetCommandLineW	0x140012168HeapAlloc	0x140012170HeapFree	0x140012178CompareStringW	0x140012180LCMapStringW	0x140012188GetFileType	0x140012190FindClose	0x140012198FindFirstFileExW	0x1400121a0FindNextFileW	0x1400121a8IsValidCodePage	0x1400121b0GetACP	0x1400121b8GetOEMCP	0x1400121c0GetCPInfo	0x1400121c8MultiByteToWideChar	0x1400121d0WideCharToMultiByte	0x1400121d8GetEnvironmentStringsW	0x1400121e0FreeEnvironmentStringsW	0x1400121e8SetEnvironmentVariableW	0x1400121f0SetStdHandle	0x1400121f8GetStringTypeW	0x140012200GetProcessHeap	0x140012208FlushFileBuffers	0x140012210GetConsoleCP	0x140012218GetConsoleMode	0x140012220GetFileSizeEx	0x140012228SetFilePointerEx	0x140012230HeapSize	0x140012238HeapReAlloc,,,,,Aucun symbole exporté trouvé.,0x1f0000xfd8,,,,,,,,,,,,0x200000xfc,,,,,,,,,,,,,,,,,,,,,,,,,,,,
15,C:/Users/hp/Documents/MSEFC/ue7_Forensic1\RAM\Dump-tools\Comae-Toolkit\x86\Bin2Dmp.exe,0x6c30,0x10000x15dd6,0x170000x7dde,0x1f0000x150c,0x210000x538,0x220000x124c,,	0x417000CreateFileW	0x417004GetTickCount	0x417008CloseHandle	0x41700cReadFile	0x417010GetLastError	0x417014GetOverlappedResult	0x417018WriteFile	0x41701cWaitForSingleObjectEx	0x417020GetFileSize	0x417024GetConsoleScreenBufferInfo	0x417028GetStdHandle	0x41702cSetConsoleTextAttribute	0x417030GetSystemTime	0x417034SystemTimeToFileTime	0x417038SetConsoleCursorPosition	0x41703cWriteConsoleW	0x417040UnhandledExceptionFilter	0x417044SetUnhandledExceptionFilter	0x417048GetCurrentProcess	0x41704cTerminateProcess	0x417050IsProcessorFeaturePresent	0x417054QueryPerformanceCounter	0x417058GetCurrentProcessId	0x41705cGetCurrentThreadId	0x417060GetSystemTimeAsFileTime	0x417064InitializeSListHead	0x417068IsDebuggerPresent	0x41706cGetStartupInfoW	0x417070GetModuleHandleW	0x417074RtlUnwind	0x417078SetLastError	0x41707cEnterCriticalSection	0x417080LeaveCriticalSection	0x417084DeleteCriticalSection	0x417088InitializeCriticalSectionAndSpinCount	0x41708cTlsAlloc	0x417090TlsGetValue	0x417094TlsSetValue	0x417098TlsFree	0x41709cFreeLibrary	0x4170a0GetProcAddress	0x4170a4LoadLibraryExW	0x4170a8RaiseException	0x4170acGetConsoleCP	0x4170b0GetModuleFileNameW	0x4170b4ExitProcess	0x4170b8GetModuleHandleExW	0x4170bcGetCommandLineA	0x4170c0GetCommandLineW	0x4170c4HeapAlloc	0x4170c8HeapFree	0x4170ccCompareStringW	0x4170d0LCMapStringW	0x4170d4GetFileType	0x4170d8WideCharToMultiByte	0x4170dcGetConsoleMode	0x4170e0FindClose	0x4170e4FindFirstFileExW	0x4170e8FindNextFileW	0x4170ecIsValidCodePage	0x4170f0GetACP	0x4170f4GetOEMCP	0x4170f8GetCPInfo	0x4170fcMultiByteToWideChar	0x417100GetEnvironmentStringsW	0x417104FreeEnvironmentStringsW	0x417108SetEnvironmentVariableW	0x41710cSetStdHandle	0x417110GetStringTypeW	0x417114GetProcessHeap	0x417118FlushFileBuffers	0x41711cGetFileSizeEx	0x417120SetFilePointerEx	0x417124HeapSize	0x417128HeapReAlloc	0x41712cDecodePointer,,,,,Aucun symbole exporté trouvé.,,,,,,,,,,,,,,,,,,,,,,,,,,,,,,,,,,,,,,,,,
16,C:/Users/hp/Documents/MSEFC/ue7_Forensic1\RAM\Dump-tools\Comae-Toolkit\x86\Dmp2Bin.exe,0x3e70,0x10000x12956,0x140000x711c,0x1c0000x150c,0x1e0000x540,0x1f0000x1044,,	0x414000CreateFileW	0x414004GetTickCount	0x414008CloseHandle	0x41400cReadFile	0x414010GetLastError	0x414014GetOverlappedResult	0x414018WriteFile	0x41401cWaitForSingleObjectEx	0x414020GetConsoleScreenBufferInfo	0x414024GetStdHandle	0x414028SetConsoleTextAttribute	0x41402cSetConsoleCursorPosition	0x414030WriteConsoleW	0x414034UnhandledExceptionFilter	0x414038SetUnhandledExceptionFilter	0x41403cGetCurrentProcess	0x414040TerminateProcess	0x414044IsProcessorFeaturePresent	0x414048QueryPerformanceCounter	0x41404cGetCurrentProcessId	0x414050GetCurrentThreadId	0x414054GetSystemTimeAsFileTime	0x414058InitializeSListHead	0x41405cIsDebuggerPresent	0x414060GetStartupInfoW	0x414064GetModuleHandleW	0x414068RtlUnwind	0x41406cSetLastError	0x414070EnterCriticalSection	0x414074LeaveCriticalSection	0x414078DeleteCriticalSection	0x41407cInitializeCriticalSectionAndSpinCount	0x414080TlsAlloc	0x414084TlsGetValue	0x414088TlsSetValue	0x41408cTlsFree	0x414090FreeLibrary	0x414094GetProcAddress	0x414098LoadLibraryExW	0x41409cRaiseException	0x4140a0GetConsoleCP	0x4140a4GetModuleFileNameW	0x4140a8ExitProcess	0x4140acGetModuleHandleExW	0x4140b0GetCommandLineA	0x4140b4GetCommandLineW	0x4140b8HeapAlloc	0x4140bcHeapFree	0x4140c0CompareStringW	0x4140c4LCMapStringW	0x4140c8GetFileType	0x4140ccWideCharToMultiByte	0x4140d0GetConsoleMode	0x4140d4FindClose	0x4140d8FindFirstFileExW	0x4140dcFindNextFileW	0x4140e0IsValidCodePage	0x4140e4GetACP	0x4140e8GetOEMCP	0x4140ecGetCPInfo	0x4140f0MultiByteToWideChar	0x4140f4GetEnvironmentStringsW	0x4140f8FreeEnvironmentStringsW	0x4140fcSetEnvironmentVariableW	0x414100SetStdHandle	0x414104GetStringTypeW	0x414108GetProcessHeap	0x41410cFlushFileBuffers	0x414110GetFileSizeEx	0x414114SetFilePointerEx	0x414118HeapSize	0x41411cHeapReAlloc	0x414120DecodePointer,,,,,Aucun symbole exporté trouvé.,,,,,,,,,,,,,,,,,,,,,,,,,,,,,,,,,,,,,,,,,
17,C:/Users/hp/Documents/MSEFC/ue7_Forensic1\RAM\Dump-tools\Comae-Toolkit\x86\Dmp2Json.exe,0x1d20,0x10000x17e63,0x190000x7b4c,0x210000x14b8,0x230000x540,0x240000x1148,,	0x419000GetEnvironmentVariableA	0x419004SetEnvironmentVariableA	0x419008WriteConsoleW	0x41900cCreateFileW	0x419010UnhandledExceptionFilter	0x419014SetUnhandledExceptionFilter	0x419018GetCurrentProcess	0x41901cTerminateProcess	0x419020IsProcessorFeaturePresent	0x419024QueryPerformanceCounter	0x419028GetCurrentProcessId	0x41902cGetCurrentThreadId	0x419030GetSystemTimeAsFileTime	0x419034InitializeSListHead	0x419038IsDebuggerPresent	0x41903cGetStartupInfoW	0x419040GetModuleHandleW	0x419044RaiseException	0x419048RtlUnwind	0x41904cGetLastError	0x419050SetLastError	0x419054EnterCriticalSection	0x419058LeaveCriticalSection	0x41905cDeleteCriticalSection	0x419060InitializeCriticalSectionAndSpinCount	0x419064TlsAlloc	0x419068TlsGetValue	0x41906cTlsSetValue	0x419070TlsFree	0x419074FreeLibrary	0x419078GetProcAddress	0x41907cLoadLibraryExW	0x419080ExitProcess	0x419084GetModuleHandleExW	0x419088GetStdHandle	0x41908cWriteFile	0x419090GetModuleFileNameW	0x419094GetCommandLineA	0x419098GetCommandLineW	0x41909cHeapAlloc	0x4190a0HeapFree	0x4190a4CompareStringW	0x4190a8LCMapStringW	0x4190acGetFileType	0x4190b0FindClose	0x4190b4FindFirstFileExW	0x4190b8FindNextFileW	0x4190bcIsValidCodePage	0x4190c0GetACP	0x4190c4GetOEMCP	0x4190c8GetCPInfo	0x4190ccMultiByteToWideChar	0x4190d0WideCharToMultiByte	0x4190d4GetEnvironmentStringsW	0x4190d8FreeEnvironmentStringsW	0x4190dcSetEnvironmentVariableW	0x4190e0SetStdHandle	0x4190e4GetStringTypeW	0x4190e8GetProcessHeap	0x4190ecFlushFileBuffers	0x4190f0GetConsoleCP	0x4190f4GetConsoleMode	0x4190f8GetFileSizeEx	0x4190fcSetFilePointerEx	0x419100HeapSize	0x419104HeapReAlloc	0x419108CloseHandle	0x41910cDecodePointer,,,,,Aucun symbole exporté trouvé.,,,,,,,,,,,,,,	0x419114DebugCreate,,,,,,,,,,,,,,,,,,,,,,,,,,,
18,C:/Users/hp/Documents/MSEFC/ue7_Forensic1\RAM\Dump-tools\Comae-Toolkit\x86\Hibr2Bin.exe,0x4090,0x10000x14488,0x160000x81cc,0x1f0000x148c,0x210000x1a348,0x3c0000x110c,,	0x416014GetFileSizeEx	0x416018GetLocalTime	0x41601cGetStdHandle	0x416020CloseHandle	0x416024GetConsoleScreenBufferInfo	0x416028SetConsoleTextAttribute	0x41602cWriteConsoleW	0x416030WaitForSingleObjectEx	0x416034WriteFile	0x416038CreateFileW	0x41603cGetOverlappedResult	0x416040GetLastError	0x416044SetConsoleCursorPosition	0x416048ReadFile	0x41604cUnhandledExceptionFilter	0x416050SetUnhandledExceptionFilter	0x416054GetCurrentProcess	0x416058TerminateProcess	0x41605cIsProcessorFeaturePresent	0x416060QueryPerformanceCounter	0x416064GetCurrentProcessId	0x416068GetCurrentThreadId	0x41606cGetSystemTimeAsFileTime	0x416070InitializeSListHead	0x416074IsDebuggerPresent	0x416078GetStartupInfoW	0x41607cGetModuleHandleW	0x416080RtlUnwind	0x416084RaiseException	0x416088SetLastError	0x41608cEncodePointer	0x416090EnterCriticalSection	0x416094LeaveCriticalSection	0x416098DeleteCriticalSection	0x41609cInitializeCriticalSectionAndSpinCount	0x4160a0TlsAlloc	0x4160a4TlsGetValue	0x4160a8TlsSetValue	0x4160acTlsFree	0x4160b0FreeLibrary	0x4160b4GetProcAddress	0x4160b8LoadLibraryExW	0x4160bcGetModuleFileNameW	0x4160c0ExitProcess	0x4160c4GetModuleHandleExW	0x4160c8GetCommandLineA	0x4160ccGetCommandLineW	0x4160d0HeapAlloc	0x4160d4HeapFree	0x4160d8CompareStringW	0x4160dcLCMapStringW	0x4160e0GetFileType	0x4160e4FindClose	0x4160e8FindFirstFileExW	0x4160ecFindNextFileW	0x4160f0IsValidCodePage	0x4160f4GetACP	0x4160f8GetOEMCP	0x4160fcGetCPInfo	0x416100MultiByteToWideChar	0x416104WideCharToMultiByte	0x416108GetEnvironmentStringsW	0x41610cFreeEnvironmentStringsW	0x416110SetEnvironmentVariableW	0x416114SetStdHandle	0x416118GetStringTypeW	0x41611cGetProcessHeap	0x416120FlushFileBuffers	0x416124GetConsoleCP	0x416128GetConsoleMode	0x41612cSetFilePointerEx	0x416130HeapSize	0x416134HeapReAlloc	0x416138DecodePointer,,,,	0x416000CryptGetHashParam	0x416004CryptHashData	0x416008CryptCreateHash	0x41600cCryptAcquireContextA,Aucun symbole exporté trouvé.,,,,,,,,,,,,,,,,,,,,,,,,,,,,,,,,,,,,,,,,,
19,C:/Users/hp/Documents/MSEFC/ue7_Forensic1\RAM\Dump-tools\Comae-Toolkit\x86\Hibr2Dmp.exe,0x79a0,0x10000x16476,0x180000x7c14,0x200000x150c,0x220000x560,0x230000x1254,,	0x418000ReadFile	0x418004GetLastError	0x418008GetOverlappedResult	0x41800cWriteFile	0x418010WaitForSingleObjectEx	0x418014CreateFileW	0x418018CloseHandle	0x41801cGetTickCount	0x418020GetConsoleScreenBufferInfo	0x418024GetStdHandle	0x418028SetConsoleTextAttribute	0x41802cGetSystemTime	0x418030SystemTimeToFileTime	0x418034SetConsoleCursorPosition	0x418038WriteConsoleW	0x41803cUnhandledExceptionFilter	0x418040SetUnhandledExceptionFilter	0x418044GetCurrentProcess	0x418048TerminateProcess	0x41804cIsProcessorFeaturePresent	0x418050QueryPerformanceCounter	0x418054GetCurrentProcessId	0x418058GetCurrentThreadId	0x41805cGetSystemTimeAsFileTime	0x418060InitializeSListHead	0x418064IsDebuggerPresent	0x418068GetStartupInfoW	0x41806cGetModuleHandleW	0x418070RtlUnwind	0x418074SetLastError	0x418078EnterCriticalSection	0x41807cLeaveCriticalSection	0x418080DeleteCriticalSection	0x418084InitializeCriticalSectionAndSpinCount	0x418088TlsAlloc	0x41808cTlsGetValue	0x418090TlsSetValue	0x418094TlsFree	0x418098FreeLibrary	0x41809cGetProcAddress	0x4180a0LoadLibraryExW	0x4180a4RaiseException	0x4180a8GetConsoleCP	0x4180acGetModuleFileNameW	0x4180b0ExitProcess	0x4180b4GetModuleHandleExW	0x4180b8GetCommandLineA	0x4180bcGetCommandLineW	0x4180c0HeapFree	0x4180c4HeapAlloc	0x4180c8CompareStringW	0x4180ccLCMapStringW	0x4180d0GetFileType	0x4180d4WideCharToMultiByte	0x4180d8GetConsoleMode	0x4180dcFindClose	0x4180e0FindFirstFileExW	0x4180e4FindNextFileW	0x4180e8IsValidCodePage	0x4180ecGetACP	0x4180f0GetOEMCP	0x4180f4GetCPInfo	0x4180f8MultiByteToWideChar	0x4180fcGetEnvironmentStringsW	0x418100FreeEnvironmentStringsW	0x418104SetEnvironmentVariableW	0x418108SetStdHandle	0x41810cGetStringTypeW	0x418110GetProcessHeap	0x418114FlushFileBuffers	0x418118GetFileSizeEx	0x41811cSetFilePointerEx	0x418120HeapSize	0x418124HeapReAlloc	0x418128DecodePointer,,,,,Aucun symbole exporté trouvé.,,,,,,,,,,,,,,,,,,,,,,,,,,,,,,,,,,,,,,,,,
20,C:/Users/hp/Documents/MSEFC/ue7_Forensic1\RAM\Dump-tools\Comae-Toolkit\x86\Z2Dmp.exe,0x1850,0x10000x106aa,0x120000x74bc,0x1a0000x13ec,0x1c0000x1e0,0x1d0000xf28,,	0x412000CreateFileW	0x412004ReadFile	0x412008SetFilePointer	0x41200cQueryPerformanceFrequency	0x412010QueryPerformanceCounter	0x412014GetLastError	0x412018WriteFile	0x41201cCloseHandle	0x412020LoadLibraryW	0x412024GetProcAddress	0x412028WriteConsoleW	0x41202cUnhandledExceptionFilter	0x412030SetUnhandledExceptionFilter	0x412034GetCurrentProcess	0x412038TerminateProcess	0x41203cIsProcessorFeaturePresent	0x412040GetCurrentProcessId	0x412044GetCurrentThreadId	0x412048GetSystemTimeAsFileTime	0x41204cInitializeSListHead	0x412050IsDebuggerPresent	0x412054GetStartupInfoW	0x412058GetModuleHandleW	0x41205cRtlUnwind	0x412060SetLastError	0x412064EnterCriticalSection	0x412068LeaveCriticalSection	0x41206cDeleteCriticalSection	0x412070InitializeCriticalSectionAndSpinCount	0x412074TlsAlloc	0x412078TlsGetValue	0x41207cTlsSetValue	0x412080TlsFree	0x412084FreeLibrary	0x412088LoadLibraryExW	0x41208cRaiseException	0x412090GetStdHandle	0x412094GetModuleFileNameW	0x412098ExitProcess	0x41209cGetModuleHandleExW	0x4120a0GetCommandLineA	0x4120a4GetCommandLineW	0x4120a8HeapAlloc	0x4120acHeapFree	0x4120b0CompareStringW	0x4120b4LCMapStringW	0x4120b8GetFileType	0x4120bcFindClose	0x4120c0FindFirstFileExW	0x4120c4FindNextFileW	0x4120c8IsValidCodePage	0x4120ccGetACP	0x4120d0GetOEMCP	0x4120d4GetCPInfo	0x4120d8MultiByteToWideChar	0x4120dcWideCharToMultiByte	0x4120e0GetEnvironmentStringsW	0x4120e4FreeEnvironmentStringsW	0x4120e8SetEnvironmentVariableW	0x4120ecSetStdHandle	0x4120f0GetStringTypeW	0x4120f4GetProcessHeap	0x4120f8FlushFileBuffers	0x4120fcGetConsoleCP	0x412100GetConsoleMode	0x412104GetFileSizeEx	0x412108SetFilePointerEx	0x41210cHeapSize	0x412110HeapReAlloc	0x412114DecodePointer,,,,,Aucun symbole exporté trouvé.,,,,,,,,,,,,,,,,,,,,,,,,,,,,,,,,,,,,,,,,,
21,C:/Users/hp/Documents/MSEFC/ue7_Forensic1\X-ways\xwf210\Indexer.exe,0x1965f,0x10000x38188,0x3a0000x11f9c,0x4c0000x2244,0x4f0000x1e0,,,	0x43a000ReadFile	0x43a004GetFileSizeEx	0x43a008WriteFile	0x43a00cCreateFileW	0x43a010GetLastError	0x43a014CloseHandle	0x43a018GetTickCount	0x43a01cMultiByteToWideChar	0x43a020FormatMessageW	0x43a024WideCharToMultiByte	0x43a028FindFirstFileW	0x43a02cFindClose	0x43a030SetFilePointerEx	0x43a034GetFileSize	0x43a038FlushFileBuffers	0x43a03cFindNextFileW	0x43a040DeleteFileW	0x43a044GlobalMemoryStatusEx	0x43a048SetErrorMode	0x43a04cCreateToolhelp32Snapshot	0x43a050Module32FirstW	0x43a054Module32NextW	0x43a058GetStringTypeW	0x43a05cEnterCriticalSection	0x43a060LeaveCriticalSection	0x43a064DeleteCriticalSection	0x43a068SetLastError	0x43a06cInitializeCriticalSectionAndSpinCount	0x43a070SwitchToThread	0x43a074TlsAlloc	0x43a078TlsGetValue	0x43a07cTlsSetValue	0x43a080TlsFree	0x43a084GetSystemTimeAsFileTime	0x43a088GetModuleHandleW	0x43a08cGetProcAddress	0x43a090EncodePointer	0x43a094DecodePointer	0x43a098CompareStringW	0x43a09cLCMapStringW	0x43a0a0GetLocaleInfoW	0x43a0a4GetCPInfo	0x43a0a8UnhandledExceptionFilter	0x43a0acSetUnhandledExceptionFilter	0x43a0b0GetCurrentProcess	0x43a0b4TerminateProcess	0x43a0b8IsProcessorFeaturePresent	0x43a0bcIsDebuggerPresent	0x43a0c0GetStartupInfoW	0x43a0c4QueryPerformanceCounter	0x43a0c8GetCurrentProcessId	0x43a0ccGetCurrentThreadId	0x43a0d0InitializeSListHead	0x43a0d4HeapSize	0x43a0d8RtlUnwind	0x43a0dcRaiseException	0x43a0e0FreeLibrary	0x43a0e4LoadLibraryExW	0x43a0e8ExitProcess	0x43a0ecGetModuleHandleExW	0x43a0f0GetModuleFileNameW	0x43a0f4GetStdHandle	0x43a0f8GetCommandLineA	0x43a0fcGetCommandLineW	0x43a100HeapFree	0x43a104HeapAlloc	0x43a108IsValidLocale	0x43a10cGetUserDefaultLCID	0x43a110EnumSystemLocalesW	0x43a114GetFileType	0x43a118GetConsoleMode	0x43a11cReadConsoleW	0x43a120GetConsoleCP	0x43a124HeapReAlloc	0x43a128FindFirstFileExW	0x43a12cIsValidCodePage	0x43a130GetACP	0x43a134GetOEMCP	0x43a138GetEnvironmentStringsW	0x43a13cFreeEnvironmentStringsW	0x43a140SetEnvironmentVariableW	0x43a144GetProcessHeap	0x43a148SetStdHandle	0x43a14cWriteConsoleW,,,,,Aucun symbole exporté trouvé.,,,,,,,,,,,,,,,,,,,,,,,,,,,,,,,,,,,,,,,,,
22,C:/Users/hp/Documents/MSEFC/ue7_Forensic1\X-ways\xwf210\Indexer64.exe,0x2153c,0x10000x44078,0x460000x19c30,0x600000x31cc,0x690000x1e0,0x6a0000xebc,,	0x140046000ReadFile	0x140046008GetFileSizeEx	0x140046010WriteFile	0x140046018CreateFileW	0x140046020GetLastError	0x140046028CloseHandle	0x140046030GetTickCount	0x140046038MultiByteToWideChar	0x140046040FormatMessageW	0x140046048WideCharToMultiByte	0x140046050FindFirstFileW	0x140046058FindClose	0x140046060SetFilePointerEx	0x140046068GetFileSize	0x140046070FlushFileBuffers	0x140046078FindNextFileW	0x140046080DeleteFileW	0x140046088GlobalMemoryStatusEx	0x140046090SetErrorMode	0x140046098CreateToolhelp32Snapshot	0x1400460a0Module32FirstW	0x1400460a8Module32NextW	0x1400460b0WriteConsoleW	0x1400460b8GetStringTypeW	0x1400460c0EnterCriticalSection	0x1400460c8LeaveCriticalSection	0x1400460d0DeleteCriticalSection	0x1400460d8SetLastError	0x1400460e0InitializeCriticalSectionAndSpinCount	0x1400460e8SwitchToThread	0x1400460f0TlsAlloc	0x1400460f8TlsGetValue	0x140046100TlsSetValue	0x140046108TlsFree	0x140046110GetSystemTimeAsFileTime	0x140046118GetModuleHandleW	0x140046120GetProcAddress	0x140046128EncodePointer	0x140046130DecodePointer	0x140046138CompareStringW	0x140046140LCMapStringW	0x140046148GetLocaleInfoW	0x140046150GetCPInfo	0x140046158RtlCaptureContext	0x140046160RtlLookupFunctionEntry	0x140046168RtlVirtualUnwind	0x140046170UnhandledExceptionFilter	0x140046178SetUnhandledExceptionFilter	0x140046180GetCurrentProcess	0x140046188TerminateProcess	0x140046190IsProcessorFeaturePresent	0x140046198IsDebuggerPresent	0x1400461a0GetStartupInfoW	0x1400461a8QueryPerformanceCounter	0x1400461b0GetCurrentProcessId	0x1400461b8GetCurrentThreadId	0x1400461c0InitializeSListHead	0x1400461c8RtlUnwindEx	0x1400461d0RtlPcToFileHeader	0x1400461d8RaiseException	0x1400461e0FreeLibrary	0x1400461e8LoadLibraryExW	0x1400461f0ExitProcess	0x1400461f8GetModuleHandleExW	0x140046200GetModuleFileNameW	0x140046208GetStdHandle	0x140046210GetCommandLineA	0x140046218GetCommandLineW	0x140046220HeapFree	0x140046228HeapAlloc	0x140046230IsValidLocale	0x140046238GetUserDefaultLCID	0x140046240EnumSystemLocalesW	0x140046248GetFileType	0x140046250GetConsoleMode	0x140046258ReadConsoleW	0x140046260GetConsoleCP	0x140046268HeapReAlloc	0x140046270FindFirstFileExW	0x140046278IsValidCodePage	0x140046280GetACP	0x140046288GetOEMCP	0x140046290GetEnvironmentStringsW	0x140046298FreeEnvironmentStringsW	0x1400462a0SetEnvironmentVariableW	0x1400462a8GetProcessHeap	0x1400462b0SetStdHandle	0x1400462b8HeapSize	0x1400462c0RtlUnwind,,,,,Aucun symbole exporté trouvé.,0x640000x3408,,,,,,,,,,,,0x680000x94,,,,,,,,,,,,,,,,,,,,,,,,,,,,
23,C:/Users/hp/Documents/MSEFC/ue7_Forensic1\X-ways\xwf210\pff.dat,0x7b7d0,0x10000x96b53,0x980000x74cf2,0x10d0000x21344,0x12f0000x1b4,0x1300000xba68,,	0x498000HeapAlloc	0x498004HeapFree	0x498008GetProcessHeap	0x49800cHeapSize	0x498010HeapReAlloc	0x498014GetLastError	0x498018GetFileAttributesW	0x49801cCreateFileA	0x498020CreateFileW	0x498024CloseHandle	0x498028ReadFile	0x49802cWriteFile	0x498030SetFilePointerEx	0x498034SetEndOfFile	0x498038GetFileType	0x49803cDeviceIoControl	0x498040GetFileSizeEx	0x498044SetCurrentDirectoryA	0x498048GetCurrentDirectoryA	0x49804cSetCurrentDirectoryW	0x498050GetCurrentDirectoryW	0x498054CreateDirectoryW	0x498058SetErrorMode	0x49805cSetConsoleCtrlHandler	0x498060EnterCriticalSection	0x498064LeaveCriticalSection	0x498068GetCommandLineW	0x49806cHeapSetInformation	0x498070WideCharToMultiByte	0x498074GetSystemTimeAsFileTime	0x498078TerminateProcess	0x49807cGetCurrentProcess	0x498080UnhandledExceptionFilter	0x498084SetUnhandledExceptionFilter	0x498088IsDebuggerPresent	0x49808cDecodePointer	0x498090EncodePointer	0x498094SetHandleCount	0x498098GetStdHandle	0x49809cInitializeCriticalSectionAndSpinCount	0x4980a0GetStartupInfoW	0x4980a4DeleteCriticalSection	0x4980a8Sleep	0x4980acGetProcAddress	0x4980b0GetModuleHandleW	0x4980b4ExitProcess	0x4980b8RtlUnwind	0x4980bcGetConsoleCP	0x4980c0GetConsoleMode	0x4980c4SetStdHandle	0x4980c8GetModuleFileNameW	0x4980ccFreeEnvironmentStringsW	0x4980d0GetEnvironmentStringsW	0x4980d4TlsAlloc	0x4980d8TlsGetValue	0x4980dcTlsSetValue	0x4980e0TlsFree	0x4980e4InterlockedIncrement	0x4980e8SetLastError	0x4980ecGetCurrentThreadId	0x4980f0InterlockedDecrement	0x4980f4HeapCreate	0x4980f8QueryPerformanceCounter	0x4980fcGetTickCount	0x498100GetCurrentProcessId	0x498104RaiseException	0x498108MultiByteToWideChar	0x49810cLoadLibraryW	0x498110IsProcessorFeaturePresent	0x498114GetCPInfo	0x498118GetACP	0x49811cGetOEMCP	0x498120IsValidCodePage	0x498124SetFilePointer	0x498128FreeLibrary	0x49812cFlushFileBuffers	0x498130WriteConsoleW	0x498134VirtualQuery	0x498138LCMapStringW	0x49813cGetStringTypeW	0x498140FormatMessageW,,,,,,,,,,,,,,,,,,,,,	0x498148uncompress,,,,,,,,,,,,,,,,,,,,,,,,,
24,C:/Users/hp/Documents/MSEFC/ue7_Forensic1\X-ways\xwf210\xwforensics64.exe,0x562f80,0x10000x562000,0x5dc0000x28,0x5630000x43090,0x5f70000xad200,,,,,,,,,0x5dd0000x19b00,0x5a70000x2baf8,0x5d30000x5424,,,,,,,,,,,,0x5db0000x450,,0x5d90000x12a,0x5da0000x88e,	0x9d45b8SysFreeString	0x9d45c0SysReAllocStringLen	0x9d45c8SysAllocStringLen,	0x9d55c0SetSecurityDescriptorDacl	0x9d55c8SetFileSecurityW	0x9d55d0RegSetValueExA	0x9d55d8RegSetValueExW	0x9d55e0RegSetValueA	0x9d55e8RegSetValueW	0x9d55f0RegQueryValueExA	0x9d55f8RegQueryValueExW	0x9d5600RegQueryValueW	0x9d5608RegOpenKeyExA	0x9d5610RegOpenKeyA	0x9d5618RegDeleteValueW	0x9d5620RegDeleteKeyA	0x9d5628RegDeleteKeyW	0x9d5630RegCreateKeyA	0x9d5638RegCreateKeyW	0x9d5640RegCloseKey	0x9d5648OpenProcessToken	0x9d5650LookupPrivilegeValueA	0x9d5658LookupAccountNameW	0x9d5660IsTextUnicode	0x9d5668InitializeSecurityDescriptor	0x9d5670InitializeAcl	0x9d5678GetUserNameW	0x9d5680GetSecurityDescriptorDacl	0x9d5688GetLengthSid	0x9d5690GetFileSecurityW	0x9d5698GetCurrentHwProfileA	0x9d56a0GetAclInformation	0x9d56a8GetAce	0x9d56b0AdjustTokenPrivileges	0x9d56b8AddAce	0x9d56c0AddAccessAllowedAce,	0x9d5940GetMonitorInfoA	0x9d5948MonitorFromWindow,	0x9d5770GetLongPathNameA	0x9d5778GetLongPathNameW	0x9d5780GlobalMemoryStatusEx	0x9d5788FindVolumeClose	0x9d5790FindNextVolumeW	0x9d5798FindFirstVolumeW	0x9d57a0GetCPInfoExW	0x9d57a8GetCPInfoExA	0x9d57b0RtlCaptureStackBackTrace	0x9d57b8GetDiskFreeSpaceExW	0x9d57c0GetProcAddress	0x9d57c8GetComputerNameExW	0x9d57d0SetFilePointerEx	0x9d57d8GetVolumePathNamesForVolumeNameW	0x9d57e0OpenThread	0x9d57e8GetFileSizeEx	0x9d57f0FreeUserPhysicalPages	0x9d57f8AllocateUserPhysicalPages,	0x9d4e78TextOutA	0x9d4e80TextOutW	0x9d4e88StretchDIBits	0x9d4e90StretchBlt	0x9d4e98StartPage	0x9d4ea0StartDocA	0x9d4ea8StartDocW	0x9d4eb0SetWorldTransform	0x9d4eb8SetTextColor	0x9d4ec0SetTextAlign	0x9d4ec8SetStretchBltMode	0x9d4ed0SetPixelV	0x9d4ed8SetPixel	0x9d4ee0SetMapMode	0x9d4ee8SetGraphicsMode	0x9d4ef0SetDIBits	0x9d4ef8SetBkMode	0x9d4f00SetBkColor	0x9d4f08SelectObject	0x9d4f10SelectClipRgn	0x9d4f18ResetDCA	0x9d4f20Rectangle	0x9d4f28PtInRegion	0x9d4f30Polygon	0x9d4f38MoveToEx	0x9d4f40ModifyWorldTransform	0x9d4f48LineTo	0x9d4f50GetTextMetricsA	0x9d4f58GetTextExtentPoint32A	0x9d4f60GetTextExtentPoint32W	0x9d4f68GetTextColor	0x9d4f70GetStockObject	0x9d4f78GetPixel	0x9d4f80GetObjectA	0x9d4f88GetObjectW	0x9d4f90GetDeviceCaps	0x9d4f98GetDIBits	0x9d4fa0GetCharABCWidthsFloatW	0x9d4fa8GetBkColor	0x9d4fb0GetBitmapBits	0x9d4fb8ExtTextOutA	0x9d4fc0ExtTextOutW	0x9d4fc8ExtFloodFill	0x9d4fd0EndPage	0x9d4fd8EndDoc	0x9d4fe0DeleteObject	0x9d4fe8DeleteDC	0x9d4ff0CreateSolidBrush	0x9d4ff8CreateRectRgn	0x9d5000CreatePen	0x9d5008CreateFontIndirectA	0x9d5010CreateFontIndirectW	0x9d5018CreateFontA	0x9d5020CreateFontW	0x9d5028CreateDIBitmap	0x9d5030CreateDIBSection	0x9d5038CreateDCA	0x9d5040CreateCompatibleDC	0x9d5048CreateCompatibleBitmap	0x9d5050BitBlt	0x9d5058AbortDoc,	0x9d5068VerQueryValueA,	0x9d5848SHGetPathFromIDListW	0x9d5850SHBrowseForFolderW,	0x9d5890OpenPrinterA	0x9d5898EnumPrintersA	0x9d58a0DocumentPropertiesA	0x9d58a8ClosePrinter,	0x9d5760SetSuspendState,	0x9d5808ImageList_GetIconSize	0x9d5810ImageList_Draw	0x9d5818ImageList_SetBkColor	0x9d5820ImageList_ReplaceIcon	0x9d5828ImageList_Add	0x9d5830ImageList_Destroy	0x9d5838ImageList_Create,	0x9d5860SetupDiEnumDeviceInterfaces,	0x9d5870SetupDiDestroyDeviceInfoList	0x9d5878SetupDiGetDeviceInterfaceDetailA	0x9d5880SetupDiGetClassDevsW,	0x9d58b8WinHttpSetOption	0x9d58c0WinHttpSendRequest	0x9d58c8WinHttpReceiveResponse	0x9d58d0WinHttpReadData	0x9d58d8WinHttpQueryHeaders	0x9d58e0WinHttpQueryDataAvailable	0x9d58e8WinHttpOpenRequest	0x9d58f0WinHttpOpen	0x9d58f8WinHttpConnect	0x9d5900WinHttpCloseHandle,	0x9d5910CommDlgExtendedError	0x9d5918ChooseFontA	0x9d5920ChooseColorA	0x9d5928GetSaveFileNameW	0x9d5930GetOpenFileNameW,	0x9d5958PlaySoundA,,,,,,,,
25,C:/Users/hp/Documents/MSEFC/ue7_Forensic1\X-ways\xwf210\zip.exe,0x26756,0x10000x38d66,0x3a0000xe194,0x490000x52a38,0x9c0000x320,,,	0x43a018RemoveDirectoryA	0x43a01cPeekNamedPipe	0x43a020DeleteFileA	0x43a024GetVolumeInformationA	0x43a028GetVolumeInformationW	0x43a02cGetFileAttributesA	0x43a030GetFileAttributesW	0x43a034SetFileAttributesW	0x43a038SetFileAttributesA	0x43a03cGetFullPathNameA	0x43a040GetFullPathNameW	0x43a044FileTimeToSystemTime	0x43a048FileTimeToLocalFileTime	0x43a04cFindClose	0x43a050FindFirstFileA	0x43a054GetVersion	0x43a058GetFileType	0x43a05cCloseHandle	0x43a060GetFileTime	0x43a064CreateFileA	0x43a068CreateFileW	0x43a06cReadFile	0x43a070SetConsoleMode	0x43a074GetConsoleMode	0x43a078WideCharToMultiByte	0x43a07cMultiByteToWideChar	0x43a080FindFirstFileW	0x43a084FindNextFileW	0x43a088FindNextFileA	0x43a08cGetLastError	0x43a090HeapFree	0x43a094HeapAlloc	0x43a098GetProcessHeap	0x43a09cGetCurrentProcess	0x43a0a0InitializeCriticalSection	0x43a0a4ReleaseMutex	0x43a0a8WaitForSingleObject	0x43a0acInterlockedExchange	0x43a0b0CreateMutexA	0x43a0b4lstrcpynA	0x43a0b8GetDriveTypeA	0x43a0bclstrcmpiA	0x43a0c0LeaveCriticalSection	0x43a0c4EnterCriticalSection	0x43a0c8lstrlenA	0x43a0ccGetSystemTimeAsFileTime	0x43a0d0GetProcAddress	0x43a0d4GetModuleHandleA	0x43a0d8ExitProcess	0x43a0dcCreateProcessA	0x43a0e0DuplicateHandle	0x43a0e4SetConsoleCtrlHandler	0x43a0e8InterlockedIncrement	0x43a0ecInterlockedDecrement	0x43a0f0GetCPInfo	0x43a0f4HeapReAlloc	0x43a0f8GetDriveTypeW	0x43a0fcMoveFileA	0x43a100SetStdHandle	0x43a104SetFileTime	0x43a108LocalFileTimeToFileTime	0x43a10cSystemTimeToFileTime	0x43a110GetFileInformationByHandle	0x43a114SetEnvironmentVariableW	0x43a118SetFilePointer	0x43a11cGetCommandLineA	0x43a120GetVersionExA	0x43a124TerminateProcess	0x43a128UnhandledExceptionFilter	0x43a12cSetUnhandledExceptionFilter	0x43a130IsDebuggerPresent	0x43a134GetTimeZoneInformation	0x43a138HeapDestroy	0x43a13cHeapCreate	0x43a140VirtualFree	0x43a144DeleteCriticalSection	0x43a148VirtualAlloc	0x43a14cWriteFile	0x43a150GetConsoleCP	0x43a154FlushFileBuffers	0x43a158Sleep	0x43a15cTlsGetValue	0x43a160TlsAlloc	0x43a164TlsSetValue	0x43a168TlsFree	0x43a16cSetLastError	0x43a170GetCurrentThreadId	0x43a174SetHandleCount	0x43a178GetStdHandle	0x43a17cGetStartupInfoA	0x43a180GetModuleFileNameA	0x43a184LoadLibraryA	0x43a188CreatePipe	0x43a18cGetExitCodeProcess	0x43a190RtlUnwind	0x43a194GetACP	0x43a198GetOEMCP	0x43a19cLCMapStringA	0x43a1a0LCMapStringW	0x43a1a4GetUserDefaultLCID	0x43a1a8GetLocaleInfoA	0x43a1acEnumSystemLocalesA	0x43a1b0IsValidLocale	0x43a1b4IsValidCodePage	0x43a1b8GetStringTypeA	0x43a1bcGetStringTypeW	0x43a1c0SetEndOfFile	0x43a1c4GetCurrentDirectoryA	0x43a1c8FreeEnvironmentStringsA	0x43a1ccGetEnvironmentStrings	0x43a1d0FreeEnvironmentStringsW	0x43a1d4GetEnvironmentStringsW	0x43a1d8QueryPerformanceCounter	0x43a1dcGetTickCount	0x43a1e0GetCurrentProcessId	0x43a1e4WriteConsoleA	0x43a1e8GetConsoleOutputCP	0x43a1ecWriteConsoleW	0x43a1f0HeapSize	0x43a1f4GetLocaleInfoW	0x43a1f8CompareStringA	0x43a1fcCompareStringW	0x43a200SetEnvironmentVariableA,	0x43a208OemToCharA	0x43a20cCharToOemA,,,	0x43a000AdjustTokenPrivileges	0x43a004GetSecurityDescriptorLength	0x43a008OpenProcessToken	0x43a00cGetKernelObjectSecurity	0x43a010LookupPrivilegeValueA,Aucun symbole exporté trouvé.,,,,,,,,,,,,,,,,,,,,,,,,,,,,,,,,,,,,,,,,,
26,C:/Users/hp/Documents/MSEFC/ue7_Forensic1\X-ways\xwf210\MPlayer\mencoder.exe,0x14d0,0x10000x1f991d8,0x1fd90000x8678a0,0x1fb90000x1bbe0,0x32d90000x1b5f8,0x32f50000x1d1f0,,	0x1432d3dc4AddVectoredExceptionHandler	0x1432d3dccAreFileApisANSI	0x1432d3dd4CancelIo	0x1432d3ddcCloseHandle	0x1432d3de4CreateEventA	0x1432d3decCreateEventW	0x1432d3df4CreateFileA	0x1432d3dfcCreateFileMappingA	0x1432d3e04CreateFileW	0x1432d3e0cCreateMutexA	0x1432d3e14CreateSemaphoreA	0x1432d3e1cCreateSemaphoreW	0x1432d3e24CreateThread	0x1432d3e2cDebugBreak	0x1432d3e34DeleteCriticalSection	0x1432d3e3cDeviceIoControl	0x1432d3e44DuplicateHandle	0x1432d3e4cEnterCriticalSection	0x1432d3e54FindClose	0x1432d3e5cFindFirstFileA	0x1432d3e64FindFirstFileExW	0x1432d3e6cFindFirstFileW	0x1432d3e74FindNextFileA	0x1432d3e7cFindNextFileW	0x1432d3e84FindResourceA	0x1432d3e8cFormatMessageA	0x1432d3e94FreeLibrary	0x1432d3e9cGetACP	0x1432d3ea4GetConsoleMode	0x1432d3eacGetConsoleOutputCP	0x1432d3eb4GetConsoleScreenBufferInfo	0x1432d3ebcGetCurrentDirectoryA	0x1432d3ec4GetCurrentProcess	0x1432d3eccGetCurrentProcessId	0x1432d3ed4GetCurrentThread	0x1432d3edcGetCurrentThreadId	0x1432d3ee4GetDriveTypeA	0x1432d3eecGetFileAttributesA	0x1432d3ef4GetFileAttributesExA	0x1432d3efcGetFileAttributesW	0x1432d3f04GetFileSize	0x1432d3f0cGetFileSizeEx	0x1432d3f14GetFullPathNameA	0x1432d3f1cGetFullPathNameW	0x1432d3f24GetHandleInformation	0x1432d3f2cGetLastError	0x1432d3f34GetLogicalDrives	0x1432d3f3cGetLongPathNameA	0x1432d3f44GetModuleFileNameA	0x1432d3f4cGetModuleHandleA	0x1432d3f54GetModuleHandleW	0x1432d3f5cGetNumberOfConsoleInputEvents	0x1432d3f64GetProcAddress	0x1432d3f6cGetProcessAffinityMask	0x1432d3f74GetProcessHeap	0x1432d3f7cGetStartupInfoA	0x1432d3f84GetStdHandle	0x1432d3f8cGetSystemInfo	0x1432d3f94GetSystemTimeAsFileTime	0x1432d3f9cGetTempPathA	0x1432d3fa4GetThreadContext	0x1432d3facGetThreadPriority	0x1432d3fb4GetTickCount64	0x1432d3fbcGetTimeZoneInformation	0x1432d3fc4GetVersion	0x1432d3fccGetVersionExA	0x1432d3fd4GetWindowsDirectoryA	0x1432d3fdcHeapAlloc	0x1432d3fe4HeapFree	0x1432d3fecHeapReAlloc	0x1432d3ff4InitializeCriticalSection	0x1432d3ffcInitializeCriticalSectionAndSpinCount	0x1432d4004IsDBCSLeadByteEx	0x1432d400cIsDebuggerPresent	0x1432d4014LeaveCriticalSection	0x1432d401cLoadLibraryA	0x1432d4024LoadLibraryExA	0x1432d402cLoadLibraryW	0x1432d4034LoadResource	0x1432d403cLocalAlloc	0x1432d4044LocalFree	0x1432d404cLockResource	0x1432d4054MapViewOfFile	0x1432d405cMoveFileExA	0x1432d4064MoveFileExW	0x1432d406cMultiByteToWideChar	0x1432d4074OpenProcess	0x1432d407cOutputDebugStringA	0x1432d4084PeekNamedPipe	0x1432d408cQueryPerformanceCounter	0x1432d4094QueryPerformanceFrequency	0x1432d409cQueueUserAPC	0x1432d40a4RaiseException	0x1432d40acReadConsoleInputA	0x1432d40b4ReadFile	0x1432d40bcReleaseMutex	0x1432d40c4ReleaseSemaphore	0x1432d40ccRemoveVectoredExceptionHandler	0x1432d40d4ResetEvent	0x1432d40dcResumeThread	0x1432d40e4RtlCaptureContext	0x1432d40ecRtlLookupFunctionEntry	0x1432d40f4RtlUnwindEx	0x1432d40fcRtlVirtualUnwind	0x1432d4104SetConsoleMode	0x1432d410cSetConsoleTextAttribute	0x1432d4114SetCurrentDirectoryA	0x1432d411cSetErrorMode	0x1432d4124SetEvent	0x1432d412cSetFilePointer	0x1432d4134SetLastError	0x1432d413cSetPriorityClass	0x1432d4144SetProcessAffinityMask	0x1432d414cSetThreadContext	0x1432d4154SetThreadPriority	0x1432d415cSetUnhandledExceptionFilter	0x1432d4164Sleep	0x1432d416cSuspendThread	0x1432d4174TlsAlloc	0x1432d417cTlsFree	0x1432d4184TlsGetValue	0x1432d418cTlsSetValue	0x1432d4194TryEnterCriticalSection	0x1432d419cUnmapViewOfFile	0x1432d41a4VirtualProtect	0x1432d41acVirtualQuery	0x1432d41b4WaitForMultipleObjects	0x1432d41bcWaitForSingleObject	0x1432d41c4WideCharToMultiByte	0x1432d41ccWriteConsoleW	0x1432d41d4lstrcpyA	0x1432d41dclstrcpynA	0x1432d41e4lstrlenW,	0x1432d484cCreateWindowExA	0x1432d4854DefWindowProcA	0x1432d485cDispatchMessageA	0x1432d4864GetDC	0x1432d486cGetMessageA	0x1432d4874LoadCursorA	0x1432d487cPostQuitMessage	0x1432d4884RegisterClassA	0x1432d488cReleaseDC	0x1432d4894SendMessageA	0x1432d489cShowWindow	0x1432d48a4TranslateMessage	0x1432d48acUnregisterClassA	0x1432d48b4wsprintfA	0x1432d48bcwsprintfW,	0x1432d3d84CreateCompatibleDC	0x1432d3d8cCreateFontIndirectW	0x1432d3d94DeleteDC	0x1432d3d9cDeleteObject	0x1432d3da4EnumFontFamiliesW	0x1432d3dacGetTextFaceW	0x1432d3db4SelectObject,,	0x1432d3d64CryptAcquireContextA	0x1432d3d6cCryptGenRandom	0x1432d3d74CryptReleaseContext,Aucun symbole exporté trouvé.,0x28410000x7b2dc,0x295b0000x9779b0,0x32d30000x366c,,,	0x1432d47dcCoCreateInstance	0x1432d47e4CoInitialize	0x1432d47ecCoTaskMemAlloc	0x1432d47f4CoTaskMemFree	0x1432d47fcCoUninitialize	0x1432d4804CreateItemMoniker	0x1432d480cGetRunningObjectTable,,,,	0x1432d48f4WSACleanup	0x1432d48fcWSAGetLastError	0x1432d4904WSAStartup	0x1432d490c__WSAFDIsSet	0x1432d4914accept	0x1432d491cbind	0x1432d4924closesocket	0x1432d492cconnect	0x1432d4934gethostbyaddr	0x1432d493cgethostbyname	0x1432d4944gethostname	0x1432d494cgetpeername	0x1432d4954getsockname	0x1432d495cgetsockopt	0x1432d4964htonl	0x1432d496chtons	0x1432d4974inet_addr	0x1432d497cinet_ntoa	0x1432d4984ioctlsocket	0x1432d498clisten	0x1432d4994ntohl	0x1432d499cntohs	0x1432d49a4recv	0x1432d49acrecvfrom	0x1432d49b4select	0x1432d49bcsend	0x1432d49c4sendto	0x1432d49ccsetsockopt	0x1432d49d4shutdown	0x1432d49dcsocket,	0x1432d482cPathCombineW	0x1432d4834PathIsRelativeW	0x1432d483cPathIsUNCW,,,,0x32d80000x10,,,,,,,,,,,,,,,,,,,0x1f9b0000x1d5ef,0x1fd50000x3d30,0x28bd0000x9da14,0x32d70000x68,	0x1432d41f4__C_specific_handler	0x1432d41fc___lc_codepage_func	0x1432d4204___mb_cur_max_func	0x1432d420c__getmainargs	0x1432d4214__initenv	0x1432d421c__iob_func	0x1432d4224__set_app_type	0x1432d422c__setusermatherr	0x1432d4234_acmdln	0x1432d423c_aligned_free	0x1432d4244_aligned_malloc	0x1432d424c_aligned_realloc	0x1432d4254_amsg_exit	0x1432d425c_assert	0x1432d4264_atoi64	0x1432d426c_beginthread	0x1432d4274_beginthreadex	0x1432d427c_cexit	0x1432d4284_close	0x1432d428c_commode	0x1432d4294_ctime64	0x1432d429c_endthread	0x1432d42a4_endthreadex	0x1432d42ac_errno	0x1432d42b4_filelengthi64	0x1432d42bc_fileno	0x1432d42c4_findclose	0x1432d42cc_findfirst64	0x1432d42d4_findnext64	0x1432d42dc_fmode	0x1432d42e4_fstat64	0x1432d42ec_ftime64	0x1432d42f4_fullpath	0x1432d42fc_get_osfhandle	0x1432d4304_gmtime64	0x1432d430c_hypot	0x1432d4314_initterm	0x1432d431c_localtime64	0x1432d4324_lock	0x1432d432c_locking	0x1432d4334_lseeki64	0x1432d433c_mbsrchr	0x1432d4344_mkdir	0x1432d434c_mktime64	0x1432d4354_onexit	0x1432d435c_open	0x1432d4364_open_osfhandle	0x1432d436c_rmdir	0x1432d4374_setjmp	0x1432d437c_setmode	0x1432d4384_sopen	0x1432d438c_stat64	0x1432d4394_stricmp	0x1432d439c_strnicmp	0x1432d43a4_time64	0x1432d43ac_ultoa	0x1432d43b4_unlink	0x1432d43bc_unlock	0x1432d43c4_vscprintf	0x1432d43cc_vsnprintf	0x1432d43d4_wfindfirst64	0x1432d43dc_wfindnext64	0x1432d43e4_wfopen	0x1432d43ec_wgetenv	0x1432d43f4_wmkdir	0x1432d43fc_wopen	0x1432d4404_wrename	0x1432d440c_wrmdir	0x1432d4414_wsopen	0x1432d441c_wstat64	0x1432d4424_wunlink	0x1432d442cabort	0x1432d4434acos	0x1432d443casin	0x1432d4444atan	0x1432d444catof	0x1432d4454atoi	0x1432d445cbsearch	0x1432d4464calloc	0x1432d446cclearerr	0x1432d4474clock	0x1432d447ccosh	0x1432d4484exit	0x1432d448cfclose	0x1432d4494feof	0x1432d449cferror	0x1432d44a4fflush	0x1432d44acfgetc	0x1432d44b4fgetpos	0x1432d44bcfgets	0x1432d44c4fopen	0x1432d44ccfprintf	0x1432d44d4fputc	0x1432d44dcfputs	0x1432d44e4fread	0x1432d44ecfree	0x1432d44f4fscanf	0x1432d44fcfseek	0x1432d4504fsetpos	0x1432d450cftell	0x1432d4514fwrite	0x1432d451cgetc	0x1432d4524getenv	0x1432d452cisalnum	0x1432d4534isalpha	0x1432d453cislower	0x1432d4544isprint	0x1432d454cisspace	0x1432d4554isupper	0x1432d455cisxdigit	0x1432d4564localeconv	0x1432d456clog10	0x1432d4574malloc	0x1432d457cmbstowcs	0x1432d4584memchr	0x1432d458cmemcmp	0x1432d4594memcpy	0x1432d459cmemmove	0x1432d45a4memset	0x1432d45acperror	0x1432d45b4printf	0x1432d45bcputc	0x1432d45c4putchar	0x1432d45ccputs	0x1432d45d4qsort	0x1432d45dcrand	0x1432d45e4realloc	0x1432d45ecremove	0x1432d45f4rename	0x1432d45fcrewind	0x1432d4604setbuf	0x1432d460csetlocale	0x1432d4614setvbuf	0x1432d461csignal	0x1432d4624sinh	0x1432d462csprintf	0x1432d4634srand	0x1432d463csscanf	0x1432d4644strcat	0x1432d464cstrchr	0x1432d4654strcmp	0x1432d465cstrcoll	0x1432d4664strcpy	0x1432d466cstrcspn	0x1432d4674strerror	0x1432d467cstrftime	0x1432d4684strlen	0x1432d468cstrncat	0x1432d4694strncmp	0x1432d469cstrncpy	0x1432d46a4strpbrk	0x1432d46acstrrchr	0x1432d46b4strspn	0x1432d46bcstrstr	0x1432d46c4strtok	0x1432d46ccstrtol	0x1432d46d4strtoul	0x1432d46dctan	0x1432d46e4tanh	0x1432d46ectolower	0x1432d46f4toupper	0x1432d46fcungetc	0x1432d4704vfprintf	0x1432d470cvsprintf	0x1432d4714wcscat	0x1432d471cwcscpy	0x1432d4724wcslen	0x1432d472cwcsncmp	0x1432d4734wcstombs	0x1432d473clongjmp	0x1432d4744_write	0x1432d474c_unlink	0x1432d4754_strdup	0x1432d475c_setmode	0x1432d4764_rmdir	0x1432d476c_read	0x1432d4774_putenv	0x1432d477c_open	0x1432d4784_mkdir	0x1432d478c_memccpy	0x1432d4794_getcwd	0x1432d479c_fileno	0x1432d47a4_fdopen	0x1432d47ac_dup	0x1432d47b4_creat	0x1432d47bc_close	0x1432d47c4_chmod	0x1432d47cc_access,	0x1432d481cSHGetFolderPathA,	0x1432d48ccmciGetErrorStringA	0x1432d48d4mciSendCommandA	0x1432d48dctimeBeginPeriod	0x1432d48e4timeGetTime,
27,C:/Users/hp/Documents/MSEFC/ue7_Forensic1\X-ways\xwf210\MPlayer\mplayer.exe,0x14d0,0x10000x202bb58,0x206e0000x93f160,0x204b0000x1eae0,0x34570000x535d8,0x34ab0000x1dffc,,	0x143450480AddVectoredExceptionHandler	0x143450488AllocConsole	0x143450490AreFileApisANSI	0x143450498CancelIo	0x1434504a0CloseHandle	0x1434504a8CreateConsoleScreenBuffer	0x1434504b0CreateEventA	0x1434504b8CreateEventW	0x1434504c0CreateFileA	0x1434504c8CreateFileMappingA	0x1434504d0CreateFileW	0x1434504d8CreateMutexA	0x1434504e0CreateSemaphoreA	0x1434504e8CreateSemaphoreW	0x1434504f0CreateThread	0x1434504f8DebugBreak	0x143450500DeleteCriticalSection	0x143450508DeviceIoControl	0x143450510DuplicateHandle	0x143450518EnterCriticalSection	0x143450520FillConsoleOutputAttribute	0x143450528FillConsoleOutputCharacterA	0x143450530FindClose	0x143450538FindFirstFileA	0x143450540FindFirstFileExW	0x143450548FindFirstFileW	0x143450550FindNextFileA	0x143450558FindNextFileW	0x143450560FindResourceA	0x143450568FormatMessageA	0x143450570FreeConsole	0x143450578FreeLibrary	0x143450580GetACP	0x143450588GetConsoleCursorInfo	0x143450590GetConsoleMode	0x143450598GetConsoleOutputCP	0x1434505a0GetConsoleScreenBufferInfo	0x1434505a8GetCurrentConsoleFont	0x1434505b0GetCurrentDirectoryA	0x1434505b8GetCurrentProcess	0x1434505c0GetCurrentProcessId	0x1434505c8GetCurrentThread	0x1434505d0GetCurrentThreadId	0x1434505d8GetDriveTypeA	0x1434505e0GetEnvironmentVariableA	0x1434505e8GetFileAttributesA	0x1434505f0GetFileAttributesExA	0x1434505f8GetFileAttributesW	0x143450600GetFileSize	0x143450608GetFileSizeEx	0x143450610GetFileType	0x143450618GetFullPathNameA	0x143450620GetFullPathNameW	0x143450628GetHandleInformation	0x143450630GetLastError	0x143450638GetLogicalDrives	0x143450640GetLongPathNameA	0x143450648GetModuleFileNameA	0x143450650GetModuleHandleA	0x143450658GetModuleHandleW	0x143450660GetNumberOfConsoleInputEvents	0x143450668GetProcAddress	0x143450670GetProcessAffinityMask	0x143450678GetProcessHeap	0x143450680GetStartupInfoA	0x143450688GetStdHandle	0x143450690GetSystemInfo	0x143450698GetSystemTimeAsFileTime	0x1434506a0GetTempPathA	0x1434506a8GetThreadContext	0x1434506b0GetThreadPriority	0x1434506b8GetTickCount64	0x1434506c0GetTimeZoneInformation	0x1434506c8GetVersion	0x1434506d0GetVersionExA	0x1434506d8GetWindowsDirectoryA	0x1434506e0HeapAlloc	0x1434506e8HeapFree	0x1434506f0HeapReAlloc	0x1434506f8InitializeCriticalSection	0x143450700InitializeCriticalSectionAndSpinCount	0x143450708IsDBCSLeadByteEx	0x143450710IsDebuggerPresent	0x143450718LeaveCriticalSection	0x143450720LoadLibraryA	0x143450728LoadLibraryExA	0x143450730LoadLibraryW	0x143450738LoadResource	0x143450740LocalAlloc	0x143450748LocalFree	0x143450750LockResource	0x143450758MapViewOfFile	0x143450760MoveFileExA	0x143450768MoveFileExW	0x143450770MultiByteToWideChar	0x143450778OpenProcess	0x143450780OutputDebugStringA	0x143450788PeekNamedPipe	0x143450790QueryPerformanceCounter	0x143450798QueryPerformanceFrequency	0x1434507a0QueueUserAPC	0x1434507a8RaiseException	0x1434507b0ReadConsoleInputA	0x1434507b8ReadFile	0x1434507c0ReleaseMutex	0x1434507c8ReleaseSemaphore	0x1434507d0RemoveVectoredExceptionHandler	0x1434507d8ResetEvent	0x1434507e0ResumeThread	0x1434507e8RtlCaptureContext	0x1434507f0RtlLookupFunctionEntry	0x1434507f8RtlUnwindEx	0x143450800RtlVirtualUnwind	0x143450808SetConsoleActiveScreenBuffer	0x143450810SetConsoleCursorInfo	0x143450818SetConsoleCursorPosition	0x143450820SetConsoleMode	0x143450828SetConsoleScreenBufferSize	0x143450830SetConsoleTextAttribute	0x143450838SetConsoleTitleA	0x143450840SetConsoleWindowInfo	0x143450848SetCurrentDirectoryA	0x143450850SetEnvironmentVariableA	0x143450858SetErrorMode	0x143450860SetEvent	0x143450868SetFilePointer	0x143450870SetLastError	0x143450878SetPriorityClass	0x143450880SetProcessAffinityMask	0x143450888SetThreadContext	0x143450890SetThreadPriority	0x143450898SetUnhandledExceptionFilter	0x1434508a0Sleep	0x1434508a8SuspendThread	0x1434508b0TerminateThread	0x1434508b8TlsAlloc	0x1434508c0TlsFree	0x1434508c8TlsGetValue	0x1434508d0TlsSetValue	0x1434508d8TryEnterCriticalSection	0x1434508e0UnmapViewOfFile	0x1434508e8VirtualProtect	0x1434508f0VirtualQuery	0x1434508f8WaitForMultipleObjects	0x143450900WaitForSingleObject	0x143450908WideCharToMultiByte	0x143450910WriteConsoleOutputW	0x143450918WriteConsoleW	0x143450920WriteFile	0x143450928lstrcpyA	0x143450930lstrcpynA	0x143450938lstrlenW,	0x143451150AdjustWindowRect	0x143451158AdjustWindowRectEx	0x143451160BeginPaint	0x143451168CallWindowProcA	0x143451170ChangeDisplaySettingsA	0x143451178ClientToScreen	0x143451180ClipCursor	0x143451188CreateCursor	0x143451190CreateIconFromResourceEx	0x143451198CreateWindowExA	0x1434511a0DefWindowProcA	0x1434511a8DestroyCursor	0x1434511b0DestroyIcon	0x1434511b8DestroyWindow	0x1434511c0DispatchMessageA	0x1434511c8EnableWindow	0x1434511d0EndPaint	0x1434511d8EnumDisplayDevicesA	0x1434511e0EnumDisplaySettingsA	0x1434511e8FillRect	0x1434511f0GetClassInfoA	0x1434511f8GetClientRect	0x143451200GetCursor	0x143451208GetCursorPos	0x143451210GetDC	0x143451218GetDesktopWindow	0x143451220GetForegroundWindow	0x143451228GetKeyState	0x143451230GetKeyboardLayout	0x143451238GetKeyboardLayoutNameA	0x143451240GetKeyboardState	0x143451248GetMenu	0x143451250GetMessageA	0x143451258GetParent	0x143451260GetSystemMetrics	0x143451268GetWindowLongA	0x143451270GetWindowLongPtrA	0x143451278GetWindowRect	0x143451280InvalidateRect	0x143451288IsWindow	0x143451290IsZoomed	0x143451298KillTimer	0x1434512a0LoadCursorA	0x1434512a8LoadIconA	0x1434512b0LoadImageA	0x1434512b8LoadKeyboardLayoutA	0x1434512c0MapVirtualKeyA	0x1434512c8MapVirtualKeyExA	0x1434512d0MapWindowPoints	0x1434512d8MoveWindow	0x1434512e0MsgWaitForMultipleObjects	0x1434512e8PeekMessageA	0x1434512f0PostMessageA	0x1434512f8PostQuitMessage	0x143451300PtInRect	0x143451308RegisterClassA	0x143451310RegisterClassExA	0x143451318ReleaseCapture	0x143451320ReleaseDC	0x143451328ScreenToClient	0x143451330SendMessageA	0x143451338SetCapture	0x143451340SetClassLongPtrA	0x143451348SetCursor	0x143451350SetCursorPos	0x143451358SetFocus	0x143451360SetForegroundWindow	0x143451368SetTimer	0x143451370SetWindowLongA	0x143451378SetWindowLongPtrA	0x143451380SetWindowPos	0x143451388SetWindowTextA	0x143451390ShowCursor	0x143451398ShowWindow	0x1434513a0ToUnicode	0x1434513a8TranslateMessage	0x1434513b0UnregisterClassA	0x1434513b8WindowFromPoint	0x1434513c0wsprintfA	0x1434513c8wsprintfW,	0x143450370BitBlt	0x143450378ChoosePixelFormat	0x143450380CreateCompatibleBitmap	0x143450388CreateCompatibleDC	0x143450390CreateDCA	0x143450398CreateDIBSection	0x1434503a0CreateFontIndirectW	0x1434503a8CreatePalette	0x1434503b0CreateSolidBrush	0x1434503b8DeleteDC	0x1434503c0DeleteObject	0x1434503c8DescribePixelFormat	0x1434503d0EnumFontFamiliesW	0x1434503d8GetDIBits	0x1434503e0GetDeviceCaps	0x1434503e8GetDeviceGammaRamp	0x1434503f0GetPixel	0x1434503f8GetPixelFormat	0x143450400GetStockObject	0x143450408GetSystemPaletteEntries	0x143450410GetSystemPaletteUse	0x143450418GetTextFaceW	0x143450420RealizePalette	0x143450428SelectObject	0x143450430SelectPalette	0x143450438SetDIBColorTable	0x143450440SetDeviceGammaRamp	0x143450448SetPaletteEntries	0x143450450SetPixel	0x143450458SetPixelFormat	0x143450460SetSystemPaletteUse	0x143450468SwapBuffers	0x143450470UnrealizeObject,,	0x143450338CryptAcquireContextA	0x143450340CryptGenRandom	0x143450348CryptReleaseContext	0x143450350RegCloseKey	0x143450358RegOpenKeyExA	0x143450360RegQueryValueExA,Aucun symbole exporté trouvé.,0x29ae0000x7f038,0x2ad00000x97e030,0x344f0000x5150,,,	0x143450f40CoCreateInstance	0x143450f48CoInitialize	0x143450f50CoTaskMemAlloc	0x143450f58CoTaskMemFree	0x143450f60CoUninitialize	0x143450f68CreateItemMoniker	0x143450f70GetRunningObjectTable,,,,	0x143451488WSACleanup	0x143451490WSAGetLastError	0x143451498WSAStartup	0x1434514a0__WSAFDIsSet	0x1434514a8accept	0x1434514b0bind	0x1434514b8closesocket	0x1434514c0connect	0x1434514c8gethostbyaddr	0x1434514d0gethostbyname	0x1434514d8gethostname	0x1434514e0getpeername	0x1434514e8getsockname	0x1434514f0getsockopt	0x1434514f8htonl	0x143451500htons	0x143451508inet_addr	0x143451510inet_ntoa	0x143451518ioctlsocket	0x143451520listen	0x143451528ntohl	0x143451530ntohs	0x143451538recv	0x143451540recvfrom	0x143451548select	0x143451550send	0x143451558sendto	0x143451560setsockopt	0x143451568shutdown	0x143451570socket,	0x143451130PathCombineW	0x143451138PathIsRelativeW	0x143451140PathIsUNCW,,,,0x34560000x10,,,,,,,,,,,,,,,,,,,0x202d0000x1d5ef,0x206a0000x3d30,0x2a2e0000xa1634,0x34550000x68,	0x143450948__C_specific_handler	0x143450950___lc_codepage_func	0x143450958___mb_cur_max_func	0x143450960__getmainargs	0x143450968__initenv	0x143450970__iob_func	0x143450978__set_app_type	0x143450980__setusermatherr	0x143450988_acmdln	0x143450990_aligned_free	0x143450998_aligned_malloc	0x1434509a0_aligned_realloc	0x1434509a8_amsg_exit	0x1434509b0_assert	0x1434509b8_atoi64	0x1434509c0_beginthread	0x1434509c8_beginthreadex	0x1434509d0_cexit	0x1434509d8_close	0x1434509e0_commode	0x1434509e8_ctime64	0x1434509f0_endthread	0x1434509f8_endthreadex	0x143450a00_errno	0x143450a08_filelengthi64	0x143450a10_fileno	0x143450a18_findclose	0x143450a20_findfirst64	0x143450a28_findnext64	0x143450a30_fmode	0x143450a38_fstat64	0x143450a40_ftime64	0x143450a48_fullpath	0x143450a50_get_osfhandle	0x143450a58_gmtime64	0x143450a60_hypot	0x143450a68_initterm	0x143450a70_localtime64	0x143450a78_lock	0x143450a80_locking	0x143450a88_lseeki64	0x143450a90_mbsrchr	0x143450a98_mkdir	0x143450aa0_mktime64	0x143450aa8_onexit	0x143450ab0_open	0x143450ab8_open_osfhandle	0x143450ac0_rmdir	0x143450ac8_setjmp	0x143450ad0_setmode	0x143450ad8_sopen	0x143450ae0_stat64	0x143450ae8_stricmp	0x143450af0_strnicmp	0x143450af8_time64	0x143450b00_ultoa	0x143450b08_unlink	0x143450b10_unlock	0x143450b18_vscprintf	0x143450b20_vsnprintf	0x143450b28_wfindfirst64	0x143450b30_wfindnext64	0x143450b38_wfopen	0x143450b40_wgetenv	0x143450b48_wmkdir	0x143450b50_wopen	0x143450b58_wrename	0x143450b60_wrmdir	0x143450b68_wsopen	0x143450b70_wstat64	0x143450b78_wunlink	0x143450b80abort	0x143450b88acos	0x143450b90asin	0x143450b98atan	0x143450ba0atof	0x143450ba8atoi	0x143450bb0bsearch	0x143450bb8calloc	0x143450bc0clearerr	0x143450bc8clock	0x143450bd0cosh	0x143450bd8exit	0x143450be0fclose	0x143450be8feof	0x143450bf0ferror	0x143450bf8fflush	0x143450c00fgetc	0x143450c08fgetpos	0x143450c10fgets	0x143450c18fopen	0x143450c20fprintf	0x143450c28fputc	0x143450c30fputs	0x143450c38fread	0x143450c40free	0x143450c48fscanf	0x143450c50fseek	0x143450c58fsetpos	0x143450c60ftell	0x143450c68fwrite	0x143450c70getc	0x143450c78getenv	0x143450c80isalnum	0x143450c88isalpha	0x143450c90islower	0x143450c98isprint	0x143450ca0isspace	0x143450ca8isupper	0x143450cb0isxdigit	0x143450cb8localeconv	0x143450cc0log10	0x143450cc8malloc	0x143450cd0mbstowcs	0x143450cd8memchr	0x143450ce0memcmp	0x143450ce8memcpy	0x143450cf0memmove	0x143450cf8memset	0x143450d00perror	0x143450d08printf	0x143450d10putc	0x143450d18putchar	0x143450d20puts	0x143450d28qsort	0x143450d30raise	0x143450d38rand	0x143450d40realloc	0x143450d48remove	0x143450d50rename	0x143450d58rewind	0x143450d60setlocale	0x143450d68setvbuf	0x143450d70signal	0x143450d78sinh	0x143450d80sprintf	0x143450d88srand	0x143450d90sscanf	0x143450d98strcat	0x143450da0strchr	0x143450da8strcmp	0x143450db0strcoll	0x143450db8strcpy	0x143450dc0strcspn	0x143450dc8strerror	0x143450dd0strftime	0x143450dd8strlen	0x143450de0strncat	0x143450de8strncmp	0x143450df0strncpy	0x143450df8strpbrk	0x143450e00strrchr	0x143450e08strspn	0x143450e10strstr	0x143450e18strtok	0x143450e20strtol	0x143450e28strtoul	0x143450e30system	0x143450e38tan	0x143450e40tanh	0x143450e48tolower	0x143450e50toupper	0x143450e58ungetc	0x143450e60vfprintf	0x143450e68vsprintf	0x143450e70wcscat	0x143450e78wcscpy	0x143450e80wcslen	0x143450e88wcsncmp	0x143450e90wcstombs	0x143450e98longjmp	0x143450ea0_write	0x143450ea8_unlink	0x143450eb0_strdup	0x143450eb8_setmode	0x143450ec0_rmdir	0x143450ec8_read	0x143450ed0_putenv	0x143450ed8_open	0x143450ee0_mkdir	0x143450ee8_memccpy	0x143450ef0_getpid	0x143450ef8_getcwd	0x143450f00_fileno	0x143450f08_fdopen	0x143450f10_dup	0x143450f18_creat	0x143450f20_close	0x143450f28_chmod	0x143450f30_access,	0x143451118ExtractIconA	0x143451120SHGetFolderPathA,	0x1434513d8joyGetDevCapsA	0x1434513e0joyGetNumDevs	0x1434513e8joyGetPosEx	0x1434513f0mciGetErrorStringA	0x1434513f8mciSendCommandA	0x143451400timeBeginPeriod	0x143451408timeEndPeriod	0x143451410timeGetTime	0x143451418timeKillEvent	0x143451420timeSetEvent	0x143451428waveOutClose	0x143451430waveOutGetErrorTextA	0x143451438waveOutGetVolume	0x143451440waveOutOpen	0x143451448waveOutPause	0x143451450waveOutPrepareHeader	0x143451458waveOutReset	0x143451460waveOutRestart	0x143451468waveOutSetVolume	0x143451470waveOutUnprepareHeader	0x143451478waveOutWrite,	0x143450f80glBegin	0x143450f88glBindTexture	0x143450f90glBlendFunc	0x143450f98glCallList	0x143450fa0glCallLists	0x143450fa8glClear	0x143450fb0glClearColor	0x143450fb8glClearDepth	0x143450fc0glColor4f	0x143450fc8glColor4ub	0x143450fd0glColorMask	0x143450fd8glColorMaterial	0x143450fe0glDeleteLists	0x143450fe8glDeleteTextures	0x143450ff0glDepthFunc	0x143450ff8glDepthMask	0x143451000glDisable	0x143451008glDrawBuffer	0x143451010glEnable	0x143451018glEnd	0x143451020glEndList	0x143451028glFinish	0x143451030glFlush	0x143451038glGenLists	0x143451040glGenTextures	0x143451048glGetError	0x143451050glGetIntegerv	0x143451058glGetString	0x143451060glGetTexLevelParameteriv	0x143451068glLightfv	0x143451070glLoadMatrixf	0x143451078glNewList	0x143451080glNormal3f	0x143451088glPixelStorei	0x143451090glShadeModel	0x143451098glTexCoord2f	0x1434510a0glTexEnvi	0x1434510a8glTexImage1D	0x1434510b0glTexImage2D	0x1434510b8glTexParameterf	0x1434510c0glTexParameterfv	0x1434510c8glTexParameteri	0x1434510d0glTexSubImage2D	0x1434510d8glVertex2f	0x1434510e0glVertex3f	0x1434510e8glViewport	0x1434510f0wglCreateContext	0x1434510f8wglDeleteContext	0x143451100wglGetProcAddress	0x143451108wglMakeCurrent
28,C:/Users/hp/Documents/MSEFC/ue7_Forensic1\X-ways\xwf210\x64\decode.dat,0xec00,0x10000xdd00,0x1a0000x28,0xf0000x1a58,0x1c0000x200,,,,,,,,,0x1b0000xd5c,0x110000x5218,0x170000x94a,,,,,,,,,,,,0x190000x194,,,0x180000xbc,	0x4172c8SysFreeString,,	0x417438CharNextW,	0x4174e0GetCPInfoExW,,,,,,,,,,,,,,,,,,,
